gia, dientich,duong,xa,quan/huyen,tp,gia_m2,bedroom,bathroom,tang,phaply,kieunha,noithat,rong,dai,dtsudung,dacdiem
350.0,90,Đường Đặng Công Bỉnh, Xã Xuân Thới Sơn, Huyện Hóc Môn, Tp Hồ Chí Minh,3.89,2,2,0, Đã có sổ," Nhà ngõ, hẻm", Nội thất đầy đủ,5,0,0,
430.0,21, Đường Kênh Trung Ương, Xã Vĩnh Lộc A, Huyện Bình Chánh, Tp Hồ Chí Minh,20.48,2,1,1, Giấy tờ khác," Nhà ngõ, hẻm",,0,0,0,
720.0,90,Đoàn Nguyễn Tuấn, Xã Quy Đức, Huyện Bình Chánh, Tp Hồ Chí Minh,8,2,2,0, Đã có sổ," Nhà ngõ, hẻm", Nhà trống,4.5,0,0,
750.0,21,Lê Văn Lương, Xã Nhơn Đức, Huyện Nhà Bè, Tp Hồ Chí Minh,35.71,2,2,1, Đã có sổ," Nhà ngõ, hẻm", Nhà trống,0,0,0,
925.0,51,Âu Dương Lân, Phường 2, Quận 8, Tp Hồ Chí Minh,18.14,3,3,1, Đã có sổ," Nhà ngõ, hẻm", Nội thất đầy đủ,0,0,0,
950.0,63,Đường Lâm Văn Bền, Phường Tân Quy, Quận 7, Tp Hồ Chí Minh,15.08,3,2,1, Đã có sổ," Nhà ngõ, hẻm", Nội thất đầy đủ,0,0,0,
1050.0,56,Đường Chiến Lược, Phường Bình Trị Đông, Quận Bình Tân, Tp Hồ Chí Minh,18.75,2,3,2, Đã có sổ," Nhà ngõ, hẻm", Nội thất đầy đủ,0,0,0,
1050.0,62,Phan Văn Trị, Phường 5, Quận Gò Vấp, Tp Hồ Chí Minh,16.94,3,3,1, Đã có sổ," Nhà ngõ, hẻm", Nội thất đầy đủ,0,0,0,
1080.0,12.5,Bùi Văn Ngữ, Phường Hiệp Thành, Quận 12, Tp Hồ Chí Minh, Đông Bắc,1,1,2, Đã có sổ," Nhà ngõ, hẻm",,0,0,0,
1180.0,60,NGUYỄN VĂN NGHI, Phường 7, Quận Gò Vấp, Tp Hồ Chí Minh,19.67,3,3,1, Đã có sổ," Nhà mặt phố, mặt tiền", Nội thất đầy đủ,5,12,120,
1300.0,11.1997,LÝ PHỤC MAN, Phường Bình Thuận, Quận 7, Tp Hồ Chí Minh, Đông,2,1,0, Đã có sổ," Nhà ngõ, hẻm",,0,0,0," Hẻm xe hơi,Nở hậu"
1320.0,58,Đường Quang Trung, Phường 11, Quận Gò Vấp, Tp Hồ Chí Minh,22.76,3,3,2, Đã có sổ," Nhà ngõ, hẻm", Nội thất đầy đủ,0,0,0,
1370.0,58,Lê Thị Hồng, Phường 7, Quận Gò Vấp, Tp Hồ Chí Minh,23.62,2,2,1, Đã có sổ," Nhà ngõ, hẻm",,5,0,0,
1550.0,80,Đường Võ Văn Vân, Xã Vĩnh Lộc B, Huyện Bình Chánh, Tp Hồ Chí Minh,19.38,4,2,0,," Nhà ngõ, hẻm",,4,20,160,
1650.0,193,Đường Đinh Đức Thiện, Xã Bình Chánh, Huyện Bình Chánh, Tp Hồ Chí Minh,8.55,4,0,2, Đã có sổ," Nhà mặt phố, mặt tiền", Nhà trống,5,23,193,
1670.0,60,Chu Văn An, Phường 12, Quận Bình Thạnh, Tp Hồ Chí Minh,27.83,3,2,1, Đã có sổ," Nhà ngõ, hẻm",,5,0,0,
1950.0,16,Vườn Lài, Phường Phú Thọ Hòa, Quận Tân Phú, Tp Hồ Chí Minh,121.88,1,0,0,," Nhà ngõ, hẻm",,0,0,0,
1980.0,18,Hẻm 82 Bình Quới, Phường 27, Quận Bình Thạnh, Tp Hồ Chí Minh,110,2,3,3, Đã có sổ," Nhà ngõ, hẻm", Nội thất đầy đủ,0,0,0,
2000.0,40,Nguyễn Ảnh Thủ, Phường Hiệp Thành, Quận 12, Tp Hồ Chí Minh,50,2,2,1, Đã có sổ," Nhà mặt phố, mặt tiền", Nội thất cao cấp,0,0,0,
2000.0,50,Bình Thành, Phường Bình Hưng Hoà B, Quận Bình Tân, Tp Hồ Chí Minh, Bắc,2,2,1,," Nhà ngõ, hẻm",,5,0,0,
2150.0,54,Đường Trịnh Thị Miếng, Xã Thới Tam Thôn, Huyện Hóc Môn, Tp Hồ Chí Minh,39.81,2,0,0,," Nhà ngõ, hẻm",,4,14,0,
2180.0,40,Đường Số 6, Phường Bình Hưng Hoà B, Quận Bình Tân, Tp Hồ Chí Minh, Tây,3,3,3, Đã có sổ," Nhà ngõ, hẻm",,0,0,0,
2180.0,44,Đường số 2, Phường Bình Hưng Hoà B, Quận Bình Tân, Tp Hồ Chí Minh,49.55,4,3,2, Đã có sổ," Nhà ngõ, hẻm", Nội thất đầy đủ,0,0,0,
2199.0,50,Đường Nguyễn Xiển, Phường Long Thạnh Mỹ (Quận 9 cũ), Thành phố Thủ Đức, Tp Hồ Chí Minh, Đông,2,2,2, Đã có sổ," Nhà ngõ, hẻm",,0,0,0,
2300.0,32,Đường Tùng Thiện Vương, Phường 11, Quận 8, Tp Hồ Chí Minh,71.88,3,0,2, Đã có sổ," Nhà ngõ, hẻm",,3.5,9,0,
2500.0,32,Chu Văn An, Phường 12, Quận Bình Thạnh, Tp Hồ Chí Minh,78.13,2,2,0,," Nhà ngõ, hẻm",,0,0,0,
2550.0,41,Liên khu 5-6, Phường Bình Hưng Hoà A, Quận Bình Tân, Tp Hồ Chí Minh, Tây,3,0,2, Đã có sổ," Nhà ngõ, hẻm", Nội thất đầy đủ,0,0,0,
2700.0,50,Thạnh Lộc 19, Phường Thạnh Lộc, Quận 12, Tp Hồ Chí Minh,54,3,2,2, Đã có sổ," Nhà ngõ, hẻm", Nội thất đầy đủ,0,0,0,
2750.0,26,Ông Ích Khiêm, Phường 14, Quận 11, Tp Hồ Chí Minh,105.77,2,2,22, Đã có sổ," Nhà ngõ, hẻm", Nội thất cao cấp,0,0,0,
2780.0,32,Lê Văn Thọ, Phường 11, Quận Gò Vấp, Tp Hồ Chí Minh,86.88,2,2,2, Đã có sổ," Nhà ngõ, hẻm", Nội thất đầy đủ,0,0,0,
2800.0,43.2,Bình Đông, Phường 14, Quận 8, Tp Hồ Chí Minh, Bắc,2,2,2, Đã có sổ," Nhà ngõ, hẻm",,0,0,0,
2850.0,15,Đường Phan Đăng Lưu, Phường 1, Quận Phú Nhuận, Tp Hồ Chí Minh,190,3,3,4, Đã có sổ," Nhà ngõ, hẻm", Nội thất cao cấp,0,0,0,
2860.0,24,HOÀNG HOA THÁM, Phường 6, Quận Bình Thạnh, Tp Hồ Chí Minh,119.17,2,2,2, Đã có sổ," Nhà ngõ, hẻm", Nhà trống,0,0,0,
2900.0,25,Đường 3 Tháng 2, Phường 14, Quận 10, Tp Hồ Chí Minh,116,2,2,22, Đã có sổ," Nhà ngõ, hẻm", Nội thất cao cấp,0,0,0,
2950.0,32, Đường Phạm Văn Bạch, Phường 15, Quận Tân Bình, Tp Hồ Chí Minh, Tây Bắc,2,1,1, Đã có sổ," Nhà ngõ, hẻm",,0,0,0,
2950.0,54.7999, Lộ Tẻ, Phường Tân Tạo A, Quận Bình Tân, Tp Hồ Chí Minh, Bắc,8,0,2, Đã có sổ," Nhà ngõ, hẻm",,4.25,0,0,
2980.0,40,Phan Văn Hớn, Phường Tân Thới Nhất, Quận 12, Tp Hồ Chí Minh,74.5,1,0,0, Đã có sổ," Nhà ngõ, hẻm",,4.5998,9,0,
2990.0,30,Nguyễn Sỹ Sách, Phường 15, Quận Tân Bình, Tp Hồ Chí Minh,99.67,2,0,0,," Nhà ngõ, hẻm",,0,0,0,
2995.0,21,Hẻm 45/22 Đường số 14, Phường 8, Quận Gò Vấp, Tp Hồ Chí Minh, Nam,3,3,3, Đã có sổ," Nhà ngõ, hẻm",,0,0,0,
3000.0,40,Vườn Lài, Phường Tân Thành, Quận Tân Phú, Tp Hồ Chí Minh,75,2,2,2, Đã có sổ," Nhà mặt phố, mặt tiền", Nội thất cao cấp,0,0,0,
3000.0,44,Tan Hương, Phường Tân Sơn Nhì, Quận Tân Phú, Tp Hồ Chí Minh,68.18,4,3,3, Đã có sổ," Nhà mặt phố, mặt tiền", Nội thất cao cấp,0,0,0,
3000.0,47,Hẻm 616 Lê Đức Thọ, Phường 15, Quận Gò Vấp, Tp Hồ Chí Minh,63.83,2,2,2, Đã có sổ," Nhà ngõ, hẻm", Nội thất đầy đủ,0,0,0,
3100.0,46,Tôn Đản, Phường 10, Quận 4, Tp Hồ Chí Minh,67.39,3,2,22, Đã có sổ," Nhà ngõ, hẻm",,3,0,0,
3150.0,25,Đường số 26, Phường Hiệp Bình Chánh (Quận Thủ Đức cũ), Thành phố Thủ Đức, Tp Hồ Chí Minh, Đông Nam,2,2,2, Đã có sổ," Nhà mặt phố, mặt tiền",,0,0,0,
3200.0,54,Hẻm 424 Nguyễn Văn Luông, Phường 12, Quận 6, Tp Hồ Chí Minh, Tây,4,2,2,," Nhà ngõ, hẻm",,9,0,0,
3300.0,102,Phan Văn Hớn, Xã Xuân Thới Thượng, Huyện Hóc Môn, Tp Hồ Chí Minh,32.35,3,0,0,," Nhà mặt phố, mặt tiền",,5,21,0,
3300.0,24,Đường Nguyễn Trọng Tuyển, Phường 2, Quận Tân Bình, Tp Hồ Chí Minh,137.5,2,2,2, Đã có sổ," Nhà ngõ, hẻm",,3.2999,0,0,
3450.0,35,Hẻm 656 Quang Trung, Phường 11, Quận Gò Vấp, Tp Hồ Chí Minh, Tây,2,3,3, Đã có sổ," Nhà ngõ, hẻm",,0,0,0,
3450.0,38,Hẻm 656 Quang Trung, Phường 11, Quận Gò Vấp, Tp Hồ Chí Minh,90.79,3,3,3, Đã có sổ," Nhà ngõ, hẻm", Nội thất đầy đủ,0,0,0,
3500.0,21,Hoà Hưng, Phường 13, Quận 10, Tp Hồ Chí Minh,166.67,3,3,4, Đã có sổ," Nhà ngõ, hẻm", Nhà trống,0,0,0,
3500.0,40,Phạm Văn Chiêu, Phường 14, Quận Gò Vấp, Tp Hồ Chí Minh,87.5,3,0,0, Đã có sổ," Nhà ngõ, hẻm",,4.0998,10,0,
3500.0,80,Đường Kha Vạn Cân, Phường Linh Tây (Quận Thủ Đức cũ), Thành phố Thủ Đức, Tp Hồ Chí Minh, Đông Nam,2,2,0, Đã có sổ," Nhà mặt phố, mặt tiền", Nội thất đầy đủ,0,0,0,
3550.0,41,Đường Tân Kỳ Tân Quý, Phường Bình Hưng Hòa, Quận Bình Tân, Tp Hồ Chí Minh,86.59,2,2,2, Đã có sổ," Nhà ngõ, hẻm", Nội thất cao cấp,0,0,0,
3600.0,30,Xô Viết Nghệ Tĩnh, Phường 21, Quận Bình Thạnh, Tp Hồ Chí Minh,120,2,2,2, Đã có sổ," Nhà ngõ, hẻm", Nội thất đầy đủ,0,0,0,
3600.0,50,Đường Số 5, Phường Linh Xuân (Quận Thủ Đức cũ), Thành phố Thủ Đức, Tp Hồ Chí Minh,72,2,0,2,," Nhà ngõ, hẻm",,4,12.5,0, Hẻm xe hơi
3650.0,32,Đường Đông Bắc, Phường Tân Chánh Hiệp, Quận 12, Tp Hồ Chí Minh,114.06,3,2,0,," Nhà ngõ, hẻm",,0,0,0,
3680.0,28,Xô Viết Nghệ Tĩnh, Phường 21, Quận Bình Thạnh, Tp Hồ Chí Minh, Đông Nam,2,2,2, Đã có sổ," Nhà ngõ, hẻm",,0,0,0,
3700.0,48.9,Phạm Thế Hiển, Phường 7, Quận 8, Tp Hồ Chí Minh, Tây Nam,2,1,1, Đã có sổ," Nhà ngõ, hẻm",,0,0,0,
3800.0,46,Đường Tô Hiệu, Phường Hiệp Tân, Quận Tân Phú, Tp Hồ Chí Minh,82.61,4,0,0,," Nhà ngõ, hẻm",,0,0,0,
3800.0,46,Đường Tô Hiệu, Phường Hiệp Tân, Quận Tân Phú, Tp Hồ Chí Minh,82.61,5,0,0,," Nhà ngõ, hẻm",,0,0,0,
3990.0,30, Bạch Đằng, Phường 24, Quận Bình Thạnh, Tp Hồ Chí Minh, Đông Nam,3,2,2,," Nhà ngõ, hẻm", Nội thất đầy đủ,0,0,0,
3990.0,30,194 BẠCH ĐẰNG, Phường 24, Quận Bình Thạnh, Tp Hồ Chí Minh, Đông,3,2,0,," Nhà ngõ, hẻm", Nội thất cao cấp,0,0,60,
4000.0,40,Hương Lộ 2, Phường Bình Trị Đông, Quận Bình Tân, Tp Hồ Chí Minh,100,3,3,4, Đã có sổ," Nhà ngõ, hẻm", Nội thất đầy đủ,0,0,0,
4000.0,51,Gò Cát, Phường Phú Hữu (Quận 9 cũ), Thành phố Thủ Đức, Tp Hồ Chí Minh,78.43,3,3,2, Đã có sổ," Nhà ngõ, hẻm",,0,0,0,
4100.0,53,Đường Phạm Văn Bạch, Phường 15, Quận Tân Bình, Tp Hồ Chí Minh, Đông Nam,2,2,2, Đã có sổ," Nhà ngõ, hẻm",,0,0,0,
4100.0,94,Nguyễn Thị Búp, Phường Hiệp Thành, Quận 12, Tp Hồ Chí Minh,43.62,2,0,0, Đã có sổ," Nhà ngõ, hẻm",,8.6,12.5,0, Hẻm xe hơi
4150.0,30,Đường Phan Văn Trị, Phường 11, Quận Bình Thạnh, Tp Hồ Chí Minh,138.33,2,2,2, Đã có sổ," Nhà ngõ, hẻm", Nội thất cao cấp,0,0,0,
4150.0,57,Đường số 3, Phường Bình Hưng Hòa, Quận Bình Tân, Tp Hồ Chí Minh,72.81,2,0,0,," Nhà ngõ, hẻm",,0,0,0,
4180.0,110,Hà Huy Giáp, Phường Thạnh Xuân, Quận 12, Tp Hồ Chí Minh, Tây Nam,3,2,0, Đã có sổ, Nhà phố liền kề,,6.5,0,0,
4200.0,52,Nguyễn Thị Thập, Phường Bình Thuận, Quận 7, Tp Hồ Chí Minh,80.77,2,2,2,," Nhà ngõ, hẻm",,4,13,0,
4300.0,100,Đường Lê Trọng Tấn, Phường Bình Hưng Hòa, Quận Bình Tân, Tp Hồ Chí Minh,43,4,0,2, Đã có sổ," Nhà ngõ, hẻm",,4,25,0,
4300.0,64,Vườn Lài, Phường An Phú Đông, Quận 12, Tp Hồ Chí Minh, Đông,4,0,2,," Nhà ngõ, hẻm",,4,16,0,
4450.0,37,Nguyên Hồng, Phường 1, Quận Gò Vấp, Tp Hồ Chí Minh,120.27,3,2,1, Đã có sổ," Nhà ngõ, hẻm",,0,0,0,
4500.0,40,Xô Viết Nghệ Tĩnh, Phường 26, Quận Bình Thạnh, Tp Hồ Chí Minh, Bắc,2,2,2, Đã có sổ," Nhà ngõ, hẻm",,0,0,0,
4500.0,56.4,Trường Lưu, Phường Long Trường (Quận 9 cũ), Thành phố Thủ Đức, Tp Hồ Chí Minh,79.79,4,0,0, Đã có sổ," Nhà ngõ, hẻm",,0,0,0,
4550.0,41,Quang Trung, Phường 10, Quận Gò Vấp, Tp Hồ Chí Minh,110.98,2,0,0,," Nhà ngõ, hẻm", Nội thất đầy đủ,4.05,10,0, Hẻm xe hơi
4580.0,42,Đường Quang Trung, Phường 14, Quận Gò Vấp, Tp Hồ Chí Minh,109.05,3,3,3, Đã có sổ," Nhà ngõ, hẻm", Nội thất đầy đủ,0,0,0,
4590.0,30,Đường Phan Văn Trị, Phường 7, Quận Gò Vấp, Tp Hồ Chí Minh,153,3,4,3, Đã có sổ," Nhà ngõ, hẻm",,6,0,0,
4800.0,300,Nguyễn Văn Tạo, Xã Long Thới, Huyện Nhà Bè, Tp Hồ Chí Minh, Bắc,5,2,1, Đã có sổ," Nhà mặt phố, mặt tiền",,0,0,0,
4800.0,80,Đường Dương Công Khi, Xã Tân Hiệp, Huyện Hóc Môn, Tp Hồ Chí Minh, Đông Nam,3,2,0, Đã có sổ," Nhà mặt phố, mặt tiền", Nhà trống,0,0,0,
4850.0,38,Nguyễn Hồng Đào, Phường 14, Quận Tân Bình, Tp Hồ Chí Minh,127.63,3,0,3, Đã có sổ," Nhà ngõ, hẻm",,3.7999,10,0,
4890.0,48,Đường Phạm Văn Bạch, Phường 15, Quận Tân Bình, Tp Hồ Chí Minh,101.88,4,4,44, Đã có sổ," Nhà ngõ, hẻm",,3.4,0,0,
4900.0,44,Nguyễn Văn Khối, Phường 9, Quận Gò Vấp, Tp Hồ Chí Minh,111.36,3,3,0, Đã có sổ," Nhà ngõ, hẻm", Nội thất đầy đủ,4,0,0,
5000.0,115,Đặng Văn Bi, Phường Trường Thọ (Quận Thủ Đức cũ), Thành phố Thủ Đức, Tp Hồ Chí Minh,43.48,nhiều,0,4, Đã có sổ," Nhà ngõ, hẻm",,4.5,0,0, Hẻm xe hơi
5000.0,43,Đường Phan Văn Trị, Phường 12, Quận Bình Thạnh, Tp Hồ Chí Minh,116.28,3,0,2, Đã có sổ," Nhà ngõ, hẻm",,0,0,0," Hẻm xe hơi,Nở hậu"
5000.0,60,CMT8, Phường 14, Quận Tân Bình, Tp Hồ Chí Minh,83.33,3,0,0,, Nhà phố liền kề,,5,12,0,
5200.0,43.5,Lê đức Thọ, Phường 16, Quận Gò Vấp, Tp Hồ Chí Minh, Tây Nam,3,3,2, Đã có sổ," Nhà ngõ, hẻm",,0,0,0,
5200.0,96,Nguyễn Bình, Xã Phú Xuân, Huyện Nhà Bè, Tp Hồ Chí Minh, Nam,3,2,2, Đã có sổ," Nhà ngõ, hẻm",,0,0,0,
5300.0,80,Hương Lộ 2, Phường Bình Trị Đông A, Quận Bình Tân, Tp Hồ Chí Minh, Tây,3,2,2, Đã có sổ," Nhà ngõ, hẻm",,0,0,0,
5400.0,69,Nguyễn Văn Linh, Phường Bình Thuận, Quận 7, Tp Hồ Chí Minh, Đông Bắc,3,2,2, Đã có sổ," Nhà ngõ, hẻm",,0,0,0,
5500.0,25,Lê Quang Định, Phường 14, Quận Bình Thạnh, Tp Hồ Chí Minh,220,2,2,2, Đã có sổ," Nhà ngõ, hẻm",,4,0,0,
5500.0,67,Nguyễn Sỹ Sách, Phường 15, Quận Tân Bình, Tp Hồ Chí Minh,82.09,4,0,3, Đã có sổ," Nhà ngõ, hẻm", Nội thất cao cấp,4,0,0,
5600.0,40,Lê Trọng Tấn, Phường Sơn Kỳ, Quận Tân Phú, Tp Hồ Chí Minh,140,7,0,0,," Nhà ngõ, hẻm",,0,0,0,
5600.0,50,Thạnh Lộc 41, Phường Thạnh Lộc, Quận 12, Tp Hồ Chí Minh, Đông Bắc,5,5,4, Đã có sổ, Nhà phố liền kề,,0,0,0,
5650.0,186.5,Đường Lê Thị Lơ, Xã Tân Hiệp, Huyện Hóc Môn, Tp Hồ Chí Minh, Bắc,5,3,2, Đã có sổ, Nhà biệt thự,,0,0,0,
5690.0,51,Lâm Thị Hố, Phường Tân Chánh Hiệp, Quận 12, Tp Hồ Chí Minh, Đông,6,5,4, Đã có sổ, Nhà phố liền kề,,0,0,0,
5850.0,55, Trần Thị Trọng, Phường 15, Quận Tân Bình, Tp Hồ Chí Minh, Đông Bắc,2,3,2, Đã có sổ," Nhà ngõ, hẻm",,0,0,0,
5890.0,55,Đường Bùi Đình Tuý, Phường 12, Quận Bình Thạnh, Tp Hồ Chí Minh,107.09,9,0,55, Đã có sổ," Nhà ngõ, hẻm", Nội thất đầy đủ,4.1999,0,0,
5900.0,100, TRẦN THỊ HÈ, Phường Hiệp Thành, Quận 12, Tp Hồ Chí Minh,59,6,6,0, Đã có sổ," Nhà mặt phố, mặt tiền", Nhà trống,4,0,0,
5900.0,42,Hẻm 86 Đường Thích Quảng Đức, Phường 5, Quận Phú Nhuận, Tp Hồ Chí Minh,140.48,5,4,5, Đã có sổ," Nhà ngõ, hẻm", Nội thất đầy đủ,0,0,0,
5950.0,117,hương lộ 2, Phường Bình Trị Đông A, Quận Bình Tân, Tp Hồ Chí Minh,50.85,3,5,0,," Nhà ngõ, hẻm",,9,13,200,
5990.0,48,Huỳnh Văn Nghệ, Phường 15, Quận Tân Bình, Tp Hồ Chí Minh,124.79,5,5,3, Đã có sổ," Nhà ngõ, hẻm", Nội thất đầy đủ,0,0,0,
6000.0,32,Phạm Phú Thứ, Phường 12, Quận Tân Bình, Tp Hồ Chí Minh,187.5,3,4,4, Đã có sổ," Nhà mặt phố, mặt tiền", Nội thất cao cấp,0,0,0,
6000.0,60,Quốc lộ 13, Phường Hiệp Bình Phước (Quận Thủ Đức cũ), Thành phố Thủ Đức, Tp Hồ Chí Minh,100,4,5,3, Đã có sổ," Nhà mặt phố, mặt tiền", Nội thất đầy đủ,0,0,0,
6100.0,70,Phú Thuận, Phường Phú Thuận, Quận 7, Tp Hồ Chí Minh,87.14,4,5,3, Đã có sổ, Nhà phố liền kề, Nội thất đầy đủ,0,0,0,
6100.0,80,chiến lược, Phường Tân Tạo, Quận Bình Tân, Tp Hồ Chí Minh,76.25,5,0,0,," Nhà mặt phố, mặt tiền",,4,20,190,
6150.0,56,hương lộ 2, Phường Bình Trị Đông A, Quận Bình Tân, Tp Hồ Chí Minh, Tây,4,5,0,," Nhà ngõ, hẻm",,4,14,0,
6280.0,58,Phan Huy Ích, Phường 12, Quận Gò Vấp, Tp Hồ Chí Minh,108.28,4,4,3, Đã có sổ," Nhà mặt phố, mặt tiền", Nội thất cao cấp,0,0,0,
6299.0,93,Lê Văn Quới, Phường Bình Trị Đông A, Quận Bình Tân, Tp Hồ Chí Minh,67.73,5,6,3, Đã có sổ," Nhà ngõ, hẻm",,5.1999,0,0,
6300.0,38,Đường Trần Bình Trọng, Phường 1, Quận 10, Tp Hồ Chí Minh,165.79,2,2,2, Đã có sổ," Nhà ngõ, hẻm",,3.2999,0,0,
6400.0,60,Đường Văn Cao, Phường Phú Thọ Hòa, Quận Tân Phú, Tp Hồ Chí Minh,106.67,5,6,5, Đã có sổ," Nhà ngõ, hẻm", Nội thất cao cấp,0,0,0,
6400.0,80,Gò Xoài, Phường Bình Hưng Hoà A, Quận Bình Tân, Tp Hồ Chí Minh, Bắc,5,4,5, Đã có sổ," Nhà ngõ, hẻm",,0,0,0,
6500.0,100,ĐƯỜNG SỐ 16, Phường Tân Tạo A, Quận Bình Tân, Tp Hồ Chí Minh,65,nhiều,Nhiều,4, Đã có sổ," Nhà mặt phố, mặt tiền", Nội thất đầy đủ,0,0,0,
6500.0,80,Xô Viết Nghệ Tĩnh, Phường 21, Quận Bình Thạnh, Tp Hồ Chí Minh,81.25,4,3,0,," Nhà mặt phố, mặt tiền", Nội thất đầy đủ,4.1999,19,0,
6700.0,66,Đường số 9, Phường 13, Quận 6, Tp Hồ Chí Minh, Tây,4,4,1, Đã có sổ," Nhà mặt phố, mặt tiền",,0,0,0,
6700.0,68, Đường Lê Văn Quới, Phường Bình Hưng Hoà A, Quận Bình Tân, Tp Hồ Chí Minh, Tây Nam,3,3,3, Đã có sổ," Nhà ngõ, hẻm",,0,0,0,
6800.0,84,Lê Đức Thọ, Phường 13, Quận Gò Vấp, Tp Hồ Chí Minh,80.95,2,2,1, Đã có sổ," Nhà mặt phố, mặt tiền", Nội thất đầy đủ,0,0,0,
6900.0,75,Hoà Bình, Phường Tân Thới Hòa, Quận Tân Phú, Tp Hồ Chí Minh,92,3,3,2, Đã có sổ," Nhà ngõ, hẻm",,0,0,0,
6900.0,90,Đường Lê Văn Quới, Phường Bình Trị Đông A, Quận Bình Tân, Tp Hồ Chí Minh, Nam,5,5,0, Đã có sổ, Nhà biệt thự, Nội thất đầy đủ,0,0,0,
6950.0,45,Đường Nguyễn Thượng Hiền, Phường 5, Quận Bình Thạnh, Tp Hồ Chí Minh,154.44,4,5,5, Đã có sổ," Nhà ngõ, hẻm", Nội thất đầy đủ,0,0,0,
7000.0,100, Đường Hà Huy Giáp, Phường Thạnh Xuân, Quận 12, Tp Hồ Chí Minh, Đông Nam,4,5,3,, Nhà phố liền kề,,5,0,0,
7100.0,59.2999,Tỉnh lộ 10, Phường Tân Tạo, Quận Bình Tân, Tp Hồ Chí Minh, Tây,3,3,0, Đã có sổ," Nhà ngõ, hẻm",,3.9,0,0,
7200.0,50,Đường Thạch Lam, Phường Phú Thạnh, Quận Tân Phú, Tp Hồ Chí Minh,144,4,0,0,," Nhà mặt phố, mặt tiền",,0,0,0,
7300.0,105,Dương Cát Lợi, Thị trấn Nhà Bè, Huyện Nhà Bè, Tp Hồ Chí Minh,69.52,4,0,0,," Nhà mặt phố, mặt tiền",,7,15,0, Hẻm xe hơi
7500.0,290, Lê Văn Lương, Xã Nhơn Đức, Huyện Nhà Bè, Tp Hồ Chí Minh, Tây,3,3,2, Đã có sổ," Nhà ngõ, hẻm",,0,0,0,
7800.0,114,Lê Thị Bạch Cát, Phường 11, Quận 11, Tp Hồ Chí Minh, Đông Bắc,2,2,1, Đã có sổ," Nhà ngõ, hẻm",,0,0,0,
7800.0,63,Đường Tên Lửa, Phường Bình Trị Đông B, Quận Bình Tân, Tp Hồ Chí Minh,123.81,2,3,2,, Nhà phố liền kề,,4,15.6,0,
7900.0,110,Phạm Thế Hiển, Phường 7, Quận 8, Tp Hồ Chí Minh,71.82,4,5,4, Đã có sổ," Nhà mặt phố, mặt tiền", Nội thất cao cấp,0,0,0,
8000.0,60,Đường số 45, Phường 14, Quận Gò Vấp, Tp Hồ Chí Minh,133.33,4,5,5, Đã có sổ," Nhà ngõ, hẻm", Nội thất đầy đủ,0,0,0,
8250.0,80,Huỳnh Tấn Phát, Xã Phú Xuân, Huyện Nhà Bè, Tp Hồ Chí Minh,103.13,4,5,0,," Nhà mặt phố, mặt tiền",,0,0,0," Hẻm xe hơi,Nở hậu"
8390.0,79, Bàu Cát, Phường 14, Quận Tân Bình, Tp Hồ Chí Minh,106.2,2,0,0,," Nhà mặt phố, mặt tiền",,4,18,0,
8500.0,55.5,Huỳnh Tấn Phát, Xã Phú Xuân, Huyện Nhà Bè, Tp Hồ Chí Minh, Tây,2,0,2, Đã có sổ," Nhà mặt phố, mặt tiền", Nội thất cao cấp,0,0,0,
8500.0,63,Hẻm 373/1 Lý Thường Kiệt, Phường 9, Quận Tân Bình, Tp Hồ Chí Minh,134.92,4,0,0,," Nhà ngõ, hẻm",,0,0,0," Hẻm xe hơi,Nở hậu"
8500.0,64,Lý Thường Kiệt, Phường 14, Quận 10, Tp Hồ Chí Minh,132.81,5,6,0, Đã có sổ," Nhà ngõ, hẻm",,4,16,0,
8600.0,53, Bàu Cát, Phường 14, Quận Tân Bình, Tp Hồ Chí Minh,162.26,5,0,0,," Nhà mặt phố, mặt tiền",,4,13,0,
8750.0,64,Đường Tô Hiệu, Phường Hiệp Tân, Quận Tân Phú, Tp Hồ Chí Minh,136.72,4,5,4, Đã có sổ," Nhà ngõ, hẻm", Nội thất cao cấp,0,0,0,
8900.0,60,Cách Mạng Tháng 8, Phường 13, Quận 10, Tp Hồ Chí Minh,148.33,6,6,0, Đã có sổ," Nhà ngõ, hẻm",,4,15,0,
8950.0,67,Đường số 30, Phường 6, Quận Gò Vấp, Tp Hồ Chí Minh, Đông,4,5,5, Đã có sổ," Nhà ngõ, hẻm",,0,0,0,
9000.0,40,Đường Ba Vân, Phường 14, Quận Tân Bình, Tp Hồ Chí Minh,225,4,4,4, Đã có sổ," Nhà mặt phố, mặt tiền", Nội thất đầy đủ,0,0,0,
9100.0,67.5,Đường số 19E, Phường Bình Trị Đông B, Quận Bình Tân, Tp Hồ Chí Minh,134.81,4,3,3,," Nhà mặt phố, mặt tiền",,4.5,15,0,
9500.0,100,Nguyễn Xí, Phường 13, Quận Bình Thạnh, Tp Hồ Chí Minh,95,4,0,0,, Nhà phố liền kề,,0,0,0,
9500.0,109,Đường Điện Biên Phủ, Phường 22, Quận Bình Thạnh, Tp Hồ Chí Minh,87.16,3,3,2, Đã có sổ," Nhà ngõ, hẻm", Nội thất đầy đủ,0,0,0,
9500.0,50,Nam Kì Khởi Nghĩa, Phường Võ Thị Sáu, Quận 3, Tp Hồ Chí Minh,190,nhiều,0,0,, Nhà phố liền kề,,0,0,0,
9500.0,80,Gò Xoài, Phường Bình Hưng Hoà A, Quận Bình Tân, Tp Hồ Chí Minh,118.75,4,0,0, Đã có sổ," Nhà mặt phố, mặt tiền",,4,20,0,
10000.0,27, Ðường Số 4, Phường 4, Quận 3, Tp Hồ Chí Minh,370.37,3,3,3, Đã có sổ," Nhà mặt phố, mặt tiền", Nhà trống,0,0,0,
10000.0,53,Lê Sát, Phường Tân Quý, Quận Tân Phú, Tp Hồ Chí Minh, Đông,4,3,4, Đã có sổ," Nhà mặt phố, mặt tiền",,0,0,0,
10200.0,85,Nguyễn Văn Trỗi, Phường 15, Quận Phú Nhuận, Tp Hồ Chí Minh,120,nhiều,0,0,," Nhà ngõ, hẻm",,0,0,0,
10500.0,42,Lê Văn Sỹ, Phường 14, Quận 3, Tp Hồ Chí Minh, Đông Bắc,4,4,3, Đã có sổ," Nhà ngõ, hẻm",,0,0,0,
10500.0,80,Tân Sơn Nhì, Phường Tân Sơn Nhì, Quận Tân Phú, Tp Hồ Chí Minh, Tây Bắc,5,0,4, Đã có sổ," Nhà ngõ, hẻm",,4,0,0,
10500.0,90,đặng thùy trâm, Phường 13, Quận Bình Thạnh, Tp Hồ Chí Minh,116.67,4,4,0,," Nhà ngõ, hẻm",,6,15,0,
11000.0,100,Đường Ỷ Lan, Phường Hiệp Tân, Quận Tân Phú, Tp Hồ Chí Minh,110,5,0,0,," Nhà mặt phố, mặt tiền",,0,0,0,
11000.0,84,Đường Số 6, Phường Bình Trị Đông B, Quận Bình Tân, Tp Hồ Chí Minh, Đông,4,4,3, Đã có sổ," Nhà mặt phố, mặt tiền",,0,0,0,
11000.0,97.5998,Hẻm 173/45 Khuông Việt, Phường Phú Trung, Quận Tân Phú, Tp Hồ Chí Minh, Tây,6,6,3, Đã có sổ," Nhà ngõ, hẻm",,0,0,0,
11200.0,100,Đường số 6D, Phường An Lạc A, Quận Bình Tân, Tp Hồ Chí Minh,112,5,0,0,," Nhà mặt phố, mặt tiền",,5,20,0,
11300.0,184,Đặng Văn Bi, Phường Trường Thọ (Quận Thủ Đức cũ), Thành phố Thủ Đức, Tp Hồ Chí Minh, Đông Nam,3,4,3, Đã có sổ," Nhà ngõ, hẻm",,0,0,0,
11300.0,61.5,Đường Số , Phường Tân Quy, Quận 7, Tp Hồ Chí Minh,183.74,5,0,0,," Nhà mặt phố, mặt tiền",,0,0,0,
11500.0,100,Số, Phường Bình Trưng Đông (Quận 2 cũ), Thành phố Thủ Đức, Tp Hồ Chí Minh,115,4,5,0,," Nhà mặt phố, mặt tiền",,0,0,0,
12400.0,60,Lê Văn Sỹ , Phường 14, Quận 3, Tp Hồ Chí Minh,206.67,nhiều,0,0,, Nhà phố liền kề,,0,0,0,
12500.0,48,Đoàn Thị Điểm, Phường 2, Quận Phú Nhuận, Tp Hồ Chí Minh,260.42,4,0,4, Đã có sổ," Nhà ngõ, hẻm",,4,12,0,
12500.0,96,Đường Tô Hiệu, Phường Hiệp Tân, Quận Tân Phú, Tp Hồ Chí Minh,130.21,3,0,0,," Nhà mặt phố, mặt tiền",,0,0,0,
13000.0,127,Đường Gò Ô Môi, Phường Phú Thuận, Quận 7, Tp Hồ Chí Minh,102.36,2,0,0,," Nhà mặt phố, mặt tiền",,0,0,0,
13000.0,134,Luỹ Bán Bích, Phường Tân Thới Hòa, Quận Tân Phú, Tp Hồ Chí Minh,97.01,4,0,0,," Nhà ngõ, hẻm",,8.6,15.5,0,
13500.0,117,Đường Tên Lửa, Phường Bình Trị Đông B, Quận Bình Tân, Tp Hồ Chí Minh,115.38,4,0,5,, Nhà biệt thự,,10,12,40,
13900.0,242.8,Lương Thế Vinh, Phường Tân Thới Hòa, Quận Tân Phú, Tp Hồ Chí Minh,57.25,4,5,3, Đã có sổ," Nhà mặt phố, mặt tiền", Nội thất đầy đủ,0,0,0,
13900.0,80,Đường Tên Lửa, Phường Bình Trị Đông B, Quận Bình Tân, Tp Hồ Chí Minh,173.75,3,0,0,," Nhà mặt phố, mặt tiền",,4,20,0,
13900.0,88,Đường Trần Văn Kiểu, Phường 11, Quận 6, Tp Hồ Chí Minh, Tây,5,5,5,," Nhà mặt phố, mặt tiền",,4,0,0,
14000.0,80,Đường Đinh Bộ Lĩnh, Phường 26, Quận Bình Thạnh, Tp Hồ Chí Minh, Tây,1,1,1, Đã có sổ," Nhà mặt phố, mặt tiền",,0,0,0,
14200.0,72,Huỳnh tấn phát, Thị trấn Nhà Bè, Huyện Nhà Bè, Tp Hồ Chí Minh, Tây Nam,3,0,4, Đã có sổ," Nhà mặt phố, mặt tiền", Nội thất đầy đủ,0,0,0,
14450.0,100,Đường Phạm Văn Hai, Phường 5, Quận Tân Bình, Tp Hồ Chí Minh,144.5,4,5,4, Đã có sổ," Nhà ngõ, hẻm", Nội thất cao cấp,0,0,0,
14500.0,225,Đường Âu Cơ, Phường 9, Quận Tân Bình, Tp Hồ Chí Minh,64.44,6,0,0,," Nhà mặt phố, mặt tiền",,12,26,0,
14600.0,100, K300, Phường 12, Quận Tân Bình, Tp Hồ Chí Minh,146,5,0,0,," Nhà mặt phố, mặt tiền",,5,20,0,
15000.0,130,Đường Số 18, Phường Hiệp Bình Chánh (Quận Thủ Đức cũ), Thành phố Thủ Đức, Tp Hồ Chí Minh,115.38,6,6,0, Đã có sổ," Nhà mặt phố, mặt tiền",,7,25,0,
15000.0,90,Đường Cao Lỗ, Phường 4, Quận 8, Tp Hồ Chí Minh,166.67,5,5,3, Đã có sổ," Nhà mặt phố, mặt tiền", Nội thất đầy đủ,0,0,0,
15900.0,144,Nguyễn Xiển, Phường Long Thạnh Mỹ (Quận 9 cũ), Thành phố Thủ Đức, Tp Hồ Chí Minh, Đông Nam,5,5,0, Đang chờ sổ, Nhà phố liền kề,,8,0,0,
15900.0,89,Bàu Cát, Phường 14, Quận Tân Bình, Tp Hồ Chí Minh,178.65,6,0,0,," Nhà mặt phố, mặt tiền",,5,18,0,
16000.0,100,Đường Phan Văn Trị, Phường 7, Quận Gò Vấp, Tp Hồ Chí Minh,160,4,5,5, Đã có sổ," Nhà mặt phố, mặt tiền", Nội thất đầy đủ,0,0,0,
16400.0,1300,Thạnh Lộc 57, Phường Thạnh Lộc, Quận 12, Tp Hồ Chí Minh,12.62,3,2,1, Đã có sổ," Nhà mặt phố, mặt tiền",,30,0,0,
17500.0,80,Đường Lâm Văn Bền, Phường Tân Quy, Quận 7, Tp Hồ Chí Minh,218.75,5,6,5, Đã có sổ," Nhà mặt phố, mặt tiền", Nội thất cao cấp,0,0,0,
17500.0,80,Đường Số, Phường Tân Quy, Quận 7, Tp Hồ Chí Minh,218.75,5,0,0,," Nhà mặt phố, mặt tiền",,0,0,0,
17900.0,180,Bình Lợi, Phường 13, Quận Bình Thạnh, Tp Hồ Chí Minh,99.44,5,Nhiều,2,, Nhà biệt thự,,10,18,0,
18500.0,94,Đường Chợ Lớn, Phường 11, Quận 6, Tp Hồ Chí Minh, Bắc,6,5,5, Đã có sổ," Nhà mặt phố, mặt tiền",,0,0,0,
19000.0,225,Đường Nguyễn Văn Đậu, Phường 11, Quận Bình Thạnh, Tp Hồ Chí Minh,84.44,nhiều,Nhiều,6, Đã có sổ," Nhà mặt phố, mặt tiền",,5,0,0,
19500.0,80,Đường Nguyễn Văn Khối, Phường 8, Quận Gò Vấp, Tp Hồ Chí Minh,243.75,8,Nhiều,7, Đã có sổ," Nhà mặt phố, mặt tiền",,0,0,0,
20000.0,100,Liên Phường, Phường Phước Long B (Quận 9 cũ), Thành phố Thủ Đức, Tp Hồ Chí Minh, Tây Bắc,5,5,3, Đã có sổ," Nhà mặt phố, mặt tiền",,0,0,0,
20000.0,89,Đường Trần Quý, Phường 4, Quận 11, Tp Hồ Chí Minh, Đông Bắc,6,6,5, Đã có sổ," Nhà mặt phố, mặt tiền", Nội thất đầy đủ,4.5,19,320,
21000.0,100,Đường Nguyễn Sơn, Phường Phú Thọ Hòa, Quận Tân Phú, Tp Hồ Chí Minh,210,5,0,0,," Nhà mặt phố, mặt tiền",,0,0,0,
21000.0,160,Cao Lỗ, Phường 4, Quận 8, Tp Hồ Chí Minh,131.25,6,4,4, Đã có sổ," Nhà mặt phố, mặt tiền", Nội thất đầy đủ,0,0,0,
23000.0,85,Ba Tháng Hai, Phường 8, Quận 10, Tp Hồ Chí Minh,270.59,8,5,5, Đã có sổ," Nhà mặt phố, mặt tiền", Nội thất cao cấp,0,0,0,
24000.0,200,Số 19, Phường Bình Trị Đông B, Quận Bình Tân, Tp Hồ Chí Minh, Bắc,5,5,3, Đã có sổ, Nhà biệt thự,,0,0,0,
25000.0,150,Đường Lạc Long Quân, Phường 14, Quận Tân Bình, Tp Hồ Chí Minh,166.67,5,0,0,," Nhà mặt phố, mặt tiền",,6,25,0,
25500.0,120,Tân Canh, Phường 1, Quận Tân Bình, Tp Hồ Chí Minh,212.5,2,2,2, Đã có sổ," Nhà mặt phố, mặt tiền", Nhà trống,0,0,0,
26000.0,160,Độc Lập, Phường Tân Thành, Quận Tân Phú, Tp Hồ Chí Minh,162.5,2,0,0,," Nhà mặt phố, mặt tiền",,8,20,0,
27000.0,100, Đường D1, Phường Tân Hưng, Quận 7, Tp Hồ Chí Minh, Đông Nam,8,5,6, Đã có sổ," Nhà mặt phố, mặt tiền",,0,0,0,
27000.0,135,Đường số 75, Phường Tân Phong, Quận 7, Tp Hồ Chí Minh,200,4,0,0, Đã có sổ," Nhà mặt phố, mặt tiền", Nội thất đầy đủ,0,0,0,
27000.0,223,Đường Nguyễn Văn Nghi, Phường 7, Quận Gò Vấp, Tp Hồ Chí Minh,121.08,nhiều,Nhiều,2, Đã có sổ," Nhà mặt phố, mặt tiền",,14,0,0,
27000.0,280,Lý Phục Man, Phường Bình Thuận, Quận 7, Tp Hồ Chí Minh, Tây Bắc,4,4,3, Đã có sổ," Nhà ngõ, hẻm",,0,0,0,
29500.0,178,Đường Lâm Văn Bền, Phường Tân Kiểng, Quận 7, Tp Hồ Chí Minh,165.73,6,0,0,," Nhà mặt phố, mặt tiền",,0,0,0, Nở hậu
30000.0,341,Hẻm 133 Cống Lở, Phường 15, Quận Tân Bình, Tp Hồ Chí Minh,87.98,nhiều,Nhiều,5, Đã có sổ," Nhà ngõ, hẻm",,10.6997,0,0,
32000.0,101,Cách Mạng Tháng Tám, Phường 13, Quận 10, Tp Hồ Chí Minh,316.83,nhiều,0,0,," Nhà mặt phố, mặt tiền",,0,0,0,
65000.0,280,16, Phường Tân Phú, Quận 7, Tp Hồ Chí Minh,232.14,4,0,0, Đã có sổ, Nhà biệt thự,,0,0,304,
72000.0,183,Đường Nguyễn Thị Thập, Phường Tân Phong, Quận 7, Tp Hồ Chí Minh,393.44,1,0,0,," Nhà mặt phố, mặt tiền",,0,0,0,
85000.0,280,Đồng Văn Cống, Phường Thạnh Mỹ Lợi (Quận 2 cũ), Thành phố Thủ Đức, Tp Hồ Chí Minh,303.57,4,5,4, Đã có sổ, Nhà biệt thự, Nội thất đầy đủ,0,0,0,
580.0,20,Trường Chinh, Phường Trung Mỹ Tây, Quận 12, Tp Hồ Chí Minh,29,2,2,2, Đã có sổ," Nhà ngõ, hẻm", Nội thất đầy đủ,0,0,0,
720.0,68,Đoàn Nguyễn Tuấn, Xã Hưng Long, Huyện Bình Chánh, Tp Hồ Chí Minh,10.59,2,2,0, Đã có sổ," Nhà mặt phố, mặt tiền",,3.7999,18,0,
720.0,90,Đoàn Nguyễn Tuấn, Xã Quy Đức, Huyện Bình Chánh, Tp Hồ Chí Minh,8,2,2,0, Đã có sổ," Nhà ngõ, hẻm", Nhà trống,4.5,0,0,
980.0,20, Phạm Hữu Lầu, Xã Phước Kiển, Huyện Nhà Bè, Tp Hồ Chí Minh, Tây,2,1,2, Đã có sổ," Nhà ngõ, hẻm",,0,0,0,
980.0,50,Lê Thị Riêng, Phường Thới An, Quận 12, Tp Hồ Chí Minh,19.6,3,1,0, Đang chờ sổ," Nhà ngõ, hẻm",,4,13,0,
1020.0,92.6997,Cầu Ông Thìn, Xã Quy Đức, Huyện Bình Chánh, Tp Hồ Chí Minh,11,3,2,1, Đã có sổ," Nhà ngõ, hẻm",,0,0,0, Hẻm xe hơi
1050.0,36,Phan Văn Hớn, Xã Xuân Thới Thượng, Huyện Hóc Môn, Tp Hồ Chí Minh,29.17,2,2,1, Giấy tờ khác," Nhà mặt phố, mặt tiền", Nội thất cao cấp,0,0,0,
1050.0,60,6B, Xã Vĩnh Lộc B, Huyện Bình Chánh, Tp Hồ Chí Minh,17.5,2,1,1,," Nhà ngõ, hẻm",,3,10,0,
1300.0,36,Đường Tân Xuân 2, Xã Tân Xuân, Huyện Hóc Môn, Tp Hồ Chí Minh, Bắc,2,2,0, Giấy tờ khác," Nhà ngõ, hẻm",,4,0,0,
1319.0,36,Hương Lộ 80B, Xã Đông Thạnh, Huyện Hóc Môn, Tp Hồ Chí Minh,36.64,2,2,2, Giấy tờ khác," Nhà ngõ, hẻm", Nội thất đầy đủ,0,0,0,
1480.0,65,Bông Sao, Phường 5, Quận 8, Tp Hồ Chí Minh,22.77,3,2,0, Đã có sổ," Nhà ngõ, hẻm", Nhà trống,5,0,0,
1520.0,63,Bùi Minh Trực, Phường 5, Quận 8, Tp Hồ Chí Minh,24.13,3,2,1,," Nhà ngõ, hẻm",,5,12.6,0,
1550.0,80,Đường Võ Văn Vân, Xã Vĩnh Lộc B, Huyện Bình Chánh, Tp Hồ Chí Minh,19.38,4,2,0,," Nhà ngõ, hẻm",,4,20,160,
1560.0,60,Nguyễn Thái Sơn, Phường 4, Quận Gò Vấp, Tp Hồ Chí Minh,26,3,2,0,," Nhà ngõ, hẻm",,4.8,12.5,0, Hẻm xe hơi
1600.0,35,THẠNH LỘC 13 , Phường Thạnh Lộc, Quận 12, Tp Hồ Chí Minh,45.71,4,3,3, Giấy tờ khác," Nhà ngõ, hẻm",,3.5,0,0,
1600.0,38.4, Đường Vườn Thơm, Xã Bình Lợi, Huyện Bình Chánh, Tp Hồ Chí Minh, Tây Bắc,3,2,1, Đã có sổ, Nhà phố liền kề,,0,0,0,
1600.0,72, Đường Huỳnh Tấn Phát, Phường Phú Thuận, Quận 7, Tp Hồ Chí Minh, Bắc,3,2,2, Giấy tờ khác," Nhà ngõ, hẻm",,0,0,0,
1650.0,40,Đường Lò Lu, Phường Trường Thạnh (Quận 9 cũ), Thành phố Thủ Đức, Tp Hồ Chí Minh, Tây,2,2,2, Đã có sổ,,,0,0,0,
1670.0,60,Chu Văn An, Phường 12, Quận Bình Thạnh, Tp Hồ Chí Minh,27.83,3,2,1, Đã có sổ," Nhà ngõ, hẻm",,5,0,0,
1750.0,90,Phan Văn Hớn, Xã Xuân Thới Thượng, Huyện Hóc Môn, Tp Hồ Chí Minh, Đông Nam,4,3,2, Đã có sổ," Nhà ngõ, hẻm",,0,0,0,
1780.0,15,Đường Lạc Long Quân, Phường 8, Quận Tân Bình, Tp Hồ Chí Minh,118.67,2,1,2, Đã có sổ," Nhà ngõ, hẻm", Nhà trống,0,0,0,
1780.0,26,Đường Huỳnh Tấn Phát, Thị trấn Nhà Bè, Huyện Nhà Bè, Tp Hồ Chí Minh,68.46,3,3,2, Đang chờ sổ, Nhà phố liền kề, Nội thất đầy đủ,0,0,0,
1790.0,13,Trần Hưng Ðạo, Phường Cầu Kho, Quận 1, Tp Hồ Chí Minh,137.69,2,2,3, Đã có sổ," Nhà ngõ, hẻm",,2,0,0,
1850.0,15,Xô Viết Nghệ Tĩnh, Phường 25, Quận Bình Thạnh, Tp Hồ Chí Minh,123.33,2,3,3, Đã có sổ," Nhà ngõ, hẻm", Nhà trống,0,0,0,
1950.0,14,Trần Xuân Soạn, Phường Tân Hưng, Quận 7, Tp Hồ Chí Minh,139.29,2,1,0, Đã có sổ," Nhà ngõ, hẻm",,0,0,42," Hẻm xe hơi,Nở hậu"
1970.0,15,Số 2, Phường 3, Quận Gò Vấp, Tp Hồ Chí Minh, Nam,1,1,2, Đã có sổ," Nhà ngõ, hẻm",,0,0,0,
2000.0,22,Đường Trần Quang Khải, Phường Tân Định, Quận 1, Tp Hồ Chí Minh,90.91,2,0,0, Đã có sổ," Nhà ngõ, hẻm", Nhà trống,0,0,0,
2000.0,33,Đường Linh Trung, Phường Linh Trung (Quận Thủ Đức cũ), Thành phố Thủ Đức, Tp Hồ Chí Minh, Đông,3,3,2, Đã có sổ,,,0,0,0,
2000.0,50,Bình Thành, Phường Bình Hưng Hoà B, Quận Bình Tân, Tp Hồ Chí Minh, Bắc,2,2,1,," Nhà ngõ, hẻm",,5,0,0,
2150.0,54,Đường Trịnh Thị Miếng, Xã Thới Tam Thôn, Huyện Hóc Môn, Tp Hồ Chí Minh,39.81,2,0,0,," Nhà ngõ, hẻm",,4,14,0,
2180.0,44,Đường số 2, Phường Bình Hưng Hoà B, Quận Bình Tân, Tp Hồ Chí Minh,49.55,4,3,2, Đã có sổ," Nhà ngõ, hẻm", Nội thất đầy đủ,0,0,0,
2200.0,16, Mai Văn Ngọc, Phường 10, Quận Phú Nhuận, Tp Hồ Chí Minh,137.5,2,2,0,," Nhà ngõ, hẻm",,0,0,45, Nở hậu
2200.0,30,Huỳnh Tấn Phát, Thị trấn Nhà Bè, Huyện Nhà Bè, Tp Hồ Chí Minh,73.33,2,2,0, Đã có sổ," Nhà ngõ, hẻm", Nội thất đầy đủ,5,0,0,
2400.0,117,Quốc lộ 50, Xã Quy Đức, Huyện Bình Chánh, Tp Hồ Chí Minh, Đông Bắc,8,3,1, Đã có sổ," Nhà ngõ, hẻm",,0,0,0,
2400.0,20,Đoàn Văn Bơ, Phường 18, Quận 4, Tp Hồ Chí Minh,120,2,2,2, Đã có sổ," Nhà ngõ, hẻm",,3.2,0,0,
2400.0,22,Đường Lưu Hữu Phước, Phường 15, Quận 8, Tp Hồ Chí Minh, Tây Bắc,2,3,3, Đã có sổ," Nhà ngõ, hẻm",,0,0,0,
2480.0,20.1,Đường số 8, Phường 11, Quận Gò Vấp, Tp Hồ Chí Minh,123.38,2,2,1, Đã có sổ, Nhà phố liền kề,,3.4,0,0,
2600.0,48,Đường Võ Văn Vân Vào 1/ Ngắn, Xã Vĩnh Lộc A, Huyện Bình Chánh, Tp Hồ Chí Minh, Bắc,2,2,2, Đã có sổ," Nhà ngõ, hẻm",,0,0,0,
2750.0,20,Nguyễn Thái Sơn, Phường 5, Quận Gò Vấp, Tp Hồ Chí Minh,137.5,2,3,3, Đã có sổ," Nhà ngõ, hẻm",,3,0,0,
2750.0,30,Đường Tô Ngọc Vân, Phường Linh Đông (Quận Thủ Đức cũ), Thành phố Thủ Đức, Tp Hồ Chí Minh,91.67,2,2,0, Đã có sổ," Nhà ngõ, hẻm",,4.15,8,0,
2800.0,100,Đường Dương Công Khi, Xã Tân Hiệp, Huyện Hóc Môn, Tp Hồ Chí Minh,28,3,1,2,," Nhà ngõ, hẻm",,5,20,0,
2850.0,136,Đường Võ Văn Vân, Xã Vĩnh Lộc B, Huyện Bình Chánh, Tp Hồ Chí Minh, Bắc,1,0,0, Đang chờ sổ," Nhà mặt phố, mặt tiền",,8,17,0,
2850.0,15,Trần Khắc Chân, Phường Tân Định, Quận 1, Tp Hồ Chí Minh,190,2,2,0, Đã có sổ," Nhà ngõ, hẻm", Nhà trống,0,0,45,
2850.0,21,Vườn Lài, Phường Phú Thọ Hòa, Quận Tân Phú, Tp Hồ Chí Minh,135.71,2,0,0, Đã có sổ," Nhà ngõ, hẻm",,4,5.3,0,
2860.0,24,HOÀNG HOA THÁM, Phường 6, Quận Bình Thạnh, Tp Hồ Chí Minh,119.17,2,2,2, Đã có sổ," Nhà ngõ, hẻm", Nhà trống,0,0,0,
2880.0,38,Ta11, Phường Thới An, Quận 12, Tp Hồ Chí Minh, Tây Nam,2,2,1,," Nhà ngõ, hẻm",,3.7,0,0,
2900.0,25,Dương Bá Trạc, Phường 2, Quận 8, Tp Hồ Chí Minh,116,1,2,0,," Nhà ngõ, hẻm",,0,0,0,
3000.0,48,Phạm Văn Đồng, Phường Hiệp Bình Chánh (Quận Thủ Đức cũ), Thành phố Thủ Đức, Tp Hồ Chí Minh, Đông,3,3,1, Đã có sổ,,,0,0,0,
3000.0,54,Phạm Văn Đồng, Phường Hiệp Bình Chánh (Quận Thủ Đức cũ), Thành phố Thủ Đức, Tp Hồ Chí Minh, Đông,4,3,2,," Nhà mặt phố, mặt tiền",,0,0,0,
3000.0,62,Phạm Văn Đồng, Phường Hiệp Bình Chánh (Quận Thủ Đức cũ), Thành phố Thủ Đức, Tp Hồ Chí Minh, Bắc,3,3,1, Đã có sổ,,,0,0,0,
3090.0,40,Lê Văn Quới, Phường Bình Hưng Hoà A, Quận Bình Tân, Tp Hồ Chí Minh,77.25,2,2,2, Đã có sổ," Nhà ngõ, hẻm", Nội thất cao cấp,0,0,0,
3100.0,4,Đường Bà Hom, Phường 13, Quận 6, Tp Hồ Chí Minh, Bắc,2,2,2, Đã có sổ," Nhà ngõ, hẻm",,0,0,0,
3150.0,24,Nguyễn Trọng Tuyển, Phường 2, Quận Tân Bình, Tp Hồ Chí Minh,131.25,2,0,0,," Nhà ngõ, hẻm",,3.5,7.5,48,
3150.0,25,Đường số 26, Phường Hiệp Bình Chánh (Quận Thủ Đức cũ), Thành phố Thủ Đức, Tp Hồ Chí Minh,126,2,2,2,," Nhà mặt phố, mặt tiền",,3.9,6.5,0,
3200.0,48,Đường 160, Phường Tăng Nhơn Phú A (Quận 9 cũ), Thành phố Thủ Đức, Tp Hồ Chí Minh,66.67,1,1,0, Đã có sổ," Nhà ngõ, hẻm", Nội thất đầy đủ,4.0998,0,0,
3250.0,31,Nguyễn Duy Cung, Phường 12, Quận Gò Vấp, Tp Hồ Chí Minh,104.84,4,3,4, Đã có sổ," Nhà ngõ, hẻm",,3,0,0,
3250.0,36,HT 13, Phường Hiệp Thành, Quận 12, Tp Hồ Chí Minh,90.28,3,4,2, Đã có sổ," Nhà ngõ, hẻm", Nội thất cao cấp,0,0,0,
3300.0,102,Phan Văn Hớn, Xã Xuân Thới Thượng, Huyện Hóc Môn, Tp Hồ Chí Minh,32.35,3,0,0,," Nhà mặt phố, mặt tiền",,5,21,0,
3300.0,20, Đường Quang Trung, Phường 10, Quận Gò Vấp, Tp Hồ Chí Minh,165,3,2,4,," Nhà ngõ, hẻm",,3,6.5,0,
3300.0,25,Đường Nguyễn Trọng Tuyển, Phường 2, Quận Tân Bình, Tp Hồ Chí Minh,132,2,1,2, Đã có sổ," Nhà ngõ, hẻm", Nội thất cao cấp,0,0,0,
3300.0,31,Cách Mạng, Phường Tân Thành, Quận Tân Phú, Tp Hồ Chí Minh,106.45,2,2,2, Đã có sổ," Nhà ngõ, hẻm", Nội thất đầy đủ,0,0,0,
3300.0,48,Đường Liên khu 4-5, Phường Bình Hưng Hoà B, Quận Bình Tân, Tp Hồ Chí Minh, Bắc,2,2,2, Đã có sổ, Nhà phố liền kề,,0,0,0,
3300.0,51,Ba Đình, Phường 9, Quận 8, Tp Hồ Chí Minh, Tây Bắc,4,1,2, Đã có sổ," Nhà mặt phố, mặt tiền",,0,0,0,
3300.0,60,GẦN NGÃ TƯ THỦ ĐỨC, Phường Linh Chiểu (Quận Thủ Đức cũ), Thành phố Thủ Đức, Tp Hồ Chí Minh,55,2,1,0,," Nhà ngõ, hẻm",,0,0,0,
3300.0,70,Đường Huỳnh Tấn Phát, Phường Tân Phú, Quận 7, Tp Hồ Chí Minh,47.14,2,2,2, Đã có sổ," Nhà ngõ, hẻm", Nội thất đầy đủ,0,0,0,
3320.0,39,Đường Phạm Thế Hiển, Phường 7, Quận 8, Tp Hồ Chí Minh,85.13,4,4,3, Đã có sổ," Nhà ngõ, hẻm", Nội thất đầy đủ,0,0,0,
3350.0,23,Đường Hiệp Nhất, Phường 4, Quận Tân Bình, Tp Hồ Chí Minh,145.65,2,3,0,," Nhà ngõ, hẻm",,0,0,0,
3400.0,34,Đường số 11, Phường Bình Hưng Hòa, Quận Bình Tân, Tp Hồ Chí Minh,100,2,0,0,," Nhà ngõ, hẻm",,4.0998,8.5,0, Hẻm xe hơi
3400.0,55,Phạm Văn Đồng, Phường Hiệp Bình Chánh (Quận Thủ Đức cũ), Thành phố Thủ Đức, Tp Hồ Chí Minh,61.82,2,0,0, Đã có sổ," Nhà ngõ, hẻm",,0,0,0, Hẻm xe hơi
3450.0,30,Đường Quang Trung, Phường 11, Quận Gò Vấp, Tp Hồ Chí Minh,115,3,3,3, Đã có sổ, Nhà phố liền kề, Nội thất đầy đủ,0,0,0,
3450.0,35,Hẻm 656 Quang Trung, Phường 11, Quận Gò Vấp, Tp Hồ Chí Minh, Tây,2,3,3, Đã có sổ," Nhà ngõ, hẻm",,0,0,0,
3450.0,50.7,Tx 21, Phường Thạnh Xuân, Quận 12, Tp Hồ Chí Minh, Đông Nam,2,2,1, Đã có sổ," Nhà ngõ, hẻm",,0,0,0,
3450.0,72,tam bình, Phường Tam Bình (Quận Thủ Đức cũ), Thành phố Thủ Đức, Tp Hồ Chí Minh, Bắc,3,3,2, Đã có sổ,,,0,0,0,
3480.0,41.5998,Tl29, Phường Thạnh Lộc, Quận 12, Tp Hồ Chí Minh, Đông Nam,2,2,2, Đã có sổ," Nhà ngõ, hẻm",,0,0,0,
3480.0,42,Thạnh Lộc 19, Phường Thạnh Lộc, Quận 12, Tp Hồ Chí Minh,82.86,2,2,0, Đã có sổ, Nhà phố liền kề,,4,11,0,
3480.0,91,Bùi Văn Ngữ, Phường Hiệp Thành, Quận 12, Tp Hồ Chí Minh,38.24,2,2,1, Đã có sổ," Nhà ngõ, hẻm", Nội thất cao cấp,0,0,0,
3500.0,40,Phạm Văn Chiêu, Phường 14, Quận Gò Vấp, Tp Hồ Chí Minh,87.5,3,0,0, Đã có sổ," Nhà ngõ, hẻm",,4.0998,10,0,
3500.0,45,Huỳnh Tấn Phát, Phường Phú Thuận, Quận 7, Tp Hồ Chí Minh,77.78,4,0,0, Đã có sổ," Nhà ngõ, hẻm",,0,0,0, Hẻm xe hơi
3500.0,50,Đường Nguyễn Văn Nghi, Phường 5, Quận Gò Vấp, Tp Hồ Chí Minh,70,3,0,0, Đã có sổ," Nhà ngõ, hẻm",,4.5,10,0, Hẻm xe hơi
3500.0,56, Phùng Thị Chuyện, Xã Thới Tam Thôn, Huyện Hóc Môn, Tp Hồ Chí Minh, Đông Nam,1,1,0,," Nhà mặt phố, mặt tiền",,4.6999,14,0,
3500.0,60,Kha Vạn Cân, Phường Linh Đông (Quận Thủ Đức cũ), Thành phố Thủ Đức, Tp Hồ Chí Minh, Bắc,4,3,2, Đã có sổ,,,0,0,0,
3550.0,41.2,Hẻm Đường Số 8, Phường Bình Hưng Hòa, Quận Bình Tân, Tp Hồ Chí Minh, Tây,2,2,1, Đã có sổ," Nhà ngõ, hẻm",,0,0,0,
3550.0,60,Đường M1, Phường Bình Hưng Hòa, Quận Bình Tân, Tp Hồ Chí Minh,59.17,4,5,4, Đã có sổ," Nhà mặt phố, mặt tiền", Nội thất cao cấp,0,0,0,
3580.0,36,Hẻm 151 Lũy Bán Bích, Phường Tân Thới Hòa, Quận Tân Phú, Tp Hồ Chí Minh,99.44,3,2,0,," Nhà ngõ, hẻm",,4,9,0, Hẻm xe hơi
3650.0,36,Lũy Bán Bích, Phường Tân Thới Hòa, Quận Tân Phú, Tp Hồ Chí Minh,101.39,3,0,0,," Nhà ngõ, hẻm",,0,0,0,
3650.0,42.2,Dương Bá Trạc, Phường 1, Quận 8, Tp Hồ Chí Minh, Nam,2,2,2, Đã có sổ," Nhà ngõ, hẻm",,0,0,0,
3650.0,48,Đường Chiến Lược, Phường Bình Trị Đông A, Quận Bình Tân, Tp Hồ Chí Minh, Đông Nam,2,2,2, Đã có sổ," Nhà ngõ, hẻm",,0,0,0,
3650.0,50,Hà Huy Giáp, Phường Thạnh Xuân, Quận 12, Tp Hồ Chí Minh,73,3,3,3, Đã có sổ," Nhà mặt phố, mặt tiền", Nội thất đầy đủ,0,0,0,
3650.0,50,Đường Thạnh Xuân 18, Phường Thạnh Xuân, Quận 12, Tp Hồ Chí Minh,73,2,2,0,," Nhà mặt phố, mặt tiền",,5,10,98,
3650.0,55,Hà Huy Giáp, Phường Thạnh Xuân, Quận 12, Tp Hồ Chí Minh,66.36,2,2,0, Đã có sổ," Nhà ngõ, hẻm", Nội thất cao cấp,5,0,0,
3700.0,46.9,Hẻm 92 Bùi Tư Toàn, Phường An Lạc, Quận Bình Tân, Tp Hồ Chí Minh, Bắc,2,1,1, Đã có sổ," Nhà ngõ, hẻm",,0,0,0,
3750.0,45,Huỳnh Tấn Phat, Thị trấn Nhà Bè, Huyện Nhà Bè, Tp Hồ Chí Minh, Tây Bắc,2,2,2, Đã có sổ," Nhà mặt phố, mặt tiền",,0,0,0,
3750.0,80,Trần Thị Bốc, Xã Thới Tam Thôn, Huyện Hóc Môn, Tp Hồ Chí Minh, Đông Bắc,3,2,1, Đã có sổ," Nhà ngõ, hẻm",,0,0,0,
3800.0,50,Trường Chinh, Phường 12, Quận Tân Bình, Tp Hồ Chí Minh,76,4,0,0, Đã có sổ," Nhà ngõ, hẻm",,0,0,0, Hẻm xe hơi
3850.0,36,Dương Thiệu Tước, Phường Tân Quý, Quận Tân Phú, Tp Hồ Chí Minh, Bắc,2,2,2, Đã có sổ," Nhà mặt phố, mặt tiền",,0,0,0,
3850.0,36,Dương Thiệu Tước, Phường Tân Quý, Quận Tân Phú, Tp Hồ Chí Minh,106.94,2,2,1, Đã có sổ," Nhà mặt phố, mặt tiền", Nhà trống,0,0,0,
3850.0,60,Tân Thới Nhất 8, Phường Tân Thới Nhất, Quận 12, Tp Hồ Chí Minh,64.17,4,5,4,," Nhà mặt phố, mặt tiền",,5,12,0,
3880.0,32.2999,Hẻm 351 Bùi Minh Trực, Phường 6, Quận 8, Tp Hồ Chí Minh,120.12,4,3,3,," Nhà ngõ, hẻm",,3.2,9,0,
3900.0,36,Hẻm 193 Nam Kỳ Khởi Nghĩa, Phường Võ Thị Sáu, Quận 3, Tp Hồ Chí Minh,108.33,2,0,0,," Nhà ngõ, hẻm",,0,0,0,
3900.0,47,Đường Phạm Văn Bạch, Phường 15, Quận Tân Bình, Tp Hồ Chí Minh,82.98,2,2,0, Đã có sổ," Nhà ngõ, hẻm",,0,0,0,
3900.0,58,Đường Nguyễn Văn Tăng, Phường Long Thạnh Mỹ (Quận 9 cũ), Thành phố Thủ Đức, Tp Hồ Chí Minh,67.24,4,0,0,," Nhà ngõ, hẻm",,0,0,0,
3900.0,64,Hẻm 36 Bùi Tư Toàn, Phường An Lạc, Quận Bình Tân, Tp Hồ Chí Minh, Nam,3,3,3, Đã có sổ," Nhà mặt phố, mặt tiền",,0,0,0,
3950.0,50,Đường số 11, Phường Bình Hưng Hòa, Quận Bình Tân, Tp Hồ Chí Minh, Tây,2,2,2, Đã có sổ," Nhà ngõ, hẻm",,0,0,0,
3990.0,30, Bạch Đằng, Phường 24, Quận Bình Thạnh, Tp Hồ Chí Minh, Đông Nam,3,2,2,," Nhà ngõ, hẻm", Nội thất đầy đủ,0,0,0,
4000.0,240,Trương Phước Phan, Phường Bình Trị Đông, Quận Bình Tân, Tp Hồ Chí Minh,16.67,3,2,0,," Nhà ngõ, hẻm",,0,0,240,
4000.0,48,Tân Kỳ Tân Quý, Phường Bình Hưng Hòa, Quận Bình Tân, Tp Hồ Chí Minh,83.33,2,2,0,," Nhà ngõ, hẻm",,4,12,0,
4000.0,51,Gò Cát, Phường Phú Hữu (Quận 9 cũ), Thành phố Thủ Đức, Tp Hồ Chí Minh,78.43,3,3,2, Đã có sổ," Nhà ngõ, hẻm",,0,0,0,
4000.0,82,Đường Đông Bắc, Phường Tân Chánh Hiệp, Quận 12, Tp Hồ Chí Minh,48.78,3,0,2, Đã có sổ," Nhà ngõ, hẻm",,0,0,0, Hẻm xe hơi
4000.0,88,Đường Huỳnh Tấn Phát, Phường Phú Thuận, Quận 7, Tp Hồ Chí Minh,45.45,3,2,0,," Nhà ngõ, hẻm",,4,22,0,
4100.0,94,Nguyễn Thị Búp, Phường Hiệp Thành, Quận 12, Tp Hồ Chí Minh,43.62,2,0,0, Đã có sổ," Nhà ngõ, hẻm",,8.6,12.5,0, Hẻm xe hơi
4150.0,55,Hồ Văn Long, Phường Bình Hưng Hoà B, Quận Bình Tân, Tp Hồ Chí Minh,75.45,5,4,4, Đã có sổ," Nhà mặt phố, mặt tiền", Nội thất cao cấp,0,0,0,
4200.0,52,Nguyễn Thị Thập, Phường Bình Thuận, Quận 7, Tp Hồ Chí Minh,80.77,2,2,2,," Nhà ngõ, hẻm",,4,13,0,
4250.0,55,Bình Thành, Phường Bình Hưng Hoà B, Quận Bình Tân, Tp Hồ Chí Minh,77.27,5,4,4, Đã có sổ," Nhà mặt phố, mặt tiền", Nội thất cao cấp,0,0,0,
4300.0,100,Đường Lê Trọng Tấn, Phường Bình Hưng Hòa, Quận Bình Tân, Tp Hồ Chí Minh,43,4,0,2, Đã có sổ," Nhà ngõ, hẻm",,4,25,0,
4400.0,44.7999,Đường số 1, Phường Cát Lái (Quận 2 cũ), Thành phố Thủ Đức, Tp Hồ Chí Minh,98.21,2,1,2, Đã có sổ," Nhà mặt phố, mặt tiền", Nhà trống,0,0,0,
4400.0,61.79,Đường 35, Phường Hiệp Bình Chánh (Quận Thủ Đức cũ), Thành phố Thủ Đức, Tp Hồ Chí Minh, Nam,3,2,0, Đã có sổ," Nhà ngõ, hẻm", Nhà trống,0,0,0,
4450.0,37,Nguyên Hồng, Phường 1, Quận Gò Vấp, Tp Hồ Chí Minh,120.27,3,2,1, Đã có sổ," Nhà ngõ, hẻm",,0,0,0,
4450.0,60,Tân Kỳ Tân Quý, Phường Tân Sơn Nhì, Quận Tân Phú, Tp Hồ Chí Minh,74.17,3,0,0, Đã có sổ," Nhà ngõ, hẻm",,0,0,0, Hẻm xe hơi
4500.0,40,Xô Viết Nghệ Tĩnh, Phường 26, Quận Bình Thạnh, Tp Hồ Chí Minh, Bắc,2,2,2, Đã có sổ," Nhà ngõ, hẻm",,0,0,0,
4500.0,52,Mã Lò, Phường Bình Hưng Hoà A, Quận Bình Tân, Tp Hồ Chí Minh, Tây,3,3,3, Đã có sổ," Nhà ngõ, hẻm",,0,0,0,
4500.0,56.4,Trường Lưu, Phường Long Trường (Quận 9 cũ), Thành phố Thủ Đức, Tp Hồ Chí Minh,79.79,4,0,0, Đã có sổ," Nhà ngõ, hẻm",,0,0,0,
4500.0,62,Hiep Binh Chanh, Phường Hiệp Bình Chánh (Quận Thủ Đức cũ), Thành phố Thủ Đức, Tp Hồ Chí Minh,72.58,3,2,2, Đã có sổ," Nhà ngõ, hẻm", Nhà trống,0,0,0,
4500.0,62.2999,Bình Trị Đông, Phường Bình Trị Đông, Quận Bình Tân, Tp Hồ Chí Minh,72.23,3,2,1, Đã có sổ," Nhà ngõ, hẻm",,5,0,0,
4550.0,40,Lê Văn Sỹ, Phường 13, Quận 3, Tp Hồ Chí Minh,113.75,3,3,4, Đã có sổ," Nhà ngõ, hẻm", Nội thất đầy đủ,0,0,0,
4550.0,50,Đường Liên khu 4-5, Phường Bình Hưng Hoà B, Quận Bình Tân, Tp Hồ Chí Minh, Đông,4,5,4, Đã có sổ," Nhà mặt phố, mặt tiền",,0,0,0,
4550.0,72,Đường Bình Trị Đông, Phường Bình Trị Đông A, Quận Bình Tân, Tp Hồ Chí Minh,63.19,5,5,0,," Nhà ngõ, hẻm",,4,18,220,
4599.0,195,Đường Đặng Thúc Vịnh, Xã Đông Thạnh, Huyện Hóc Môn, Tp Hồ Chí Minh,23.58,4,0,1, Đã có sổ," Nhà ngõ, hẻm",,8,24,0,
4599.0,53.2999,Cư Xá Phú Lâm A, Phường 12, Quận 6, Tp Hồ Chí Minh,86.29,2,2,1, Đã có sổ," Nhà ngõ, hẻm",,4,0,0,
4600.0,47.7299, Lạc Long Quân, Phường 10, Quận Tân Bình, Tp Hồ Chí Minh, Tây Nam,1,1,2,," Nhà ngõ, hẻm", Nhà trống,0,0,0,
4600.0,72,Đông Bắc, Phường Tân Chánh Hiệp, Quận 12, Tp Hồ Chí Minh, Bắc,4,3,3, Đã có sổ," Nhà ngõ, hẻm",,0,0,0,
4600.0,83,Đường 9, Phường Long Phước (Quận 9 cũ), Thành phố Thủ Đức, Tp Hồ Chí Minh, Tây Nam,3,3,2, Đã có sổ," Nhà mặt phố, mặt tiền",,0,0,0,
4650.0,30,CÁCH MẠNG THÁNG TÁM, Phường 12, Quận 10, Tp Hồ Chí Minh,155,4,4,3, Đã có sổ," Nhà mặt phố, mặt tiền", Nội thất đầy đủ,0,0,0,
4650.0,60,Đường Bình Trị Đông, Phường Bình Trị Đông, Quận Bình Tân, Tp Hồ Chí Minh,77.5,3,2,2, Đã có sổ," Nhà ngõ, hẻm", Nhà trống,0,0,0,
4700.0,51.2,Bình Trị Đông, Phường Bình Trị Đông, Quận Bình Tân, Tp Hồ Chí Minh,91.8,2,2,2, Đã có sổ," Nhà ngõ, hẻm",,4,0,0,
4750.0,65,Đường Tây Thạnh, Phường Tây Thạnh, Quận Tân Phú, Tp Hồ Chí Minh,73.08,2,0,0, Đã có sổ," Nhà ngõ, hẻm",,0,0,0, Hẻm xe hơi
4800.0,31,Lê Văn Sỹ, Phường 12, Quận 3, Tp Hồ Chí Minh,154.84,2,0,3, Đã có sổ," Nhà ngõ, hẻm", Nội thất đầy đủ,3.4,0,0,
4800.0,34,Nguyễn Cư Trinh, Phường Nguyễn Cư Trinh, Quận 1, Tp Hồ Chí Minh,141.18,3,0,0,," Nhà ngõ, hẻm",,3.5,11,0,
4800.0,50, Quốc Lộ 13, Phường Hiệp Bình Phước (Quận Thủ Đức cũ), Thành phố Thủ Đức, Tp Hồ Chí Minh, Tây Nam,4,3,3, Đã có sổ, Nhà phố liền kề,,0,0,0,
4850.0,53,Nguyễn Thị Hương, Thị trấn Nhà Bè, Huyện Nhà Bè, Tp Hồ Chí Minh,91.51,4,5,2, Đã có sổ, Nhà phố liền kề, Nội thất cao cấp,0,0,0,
4850.0,64,Đường Hương Lộ Hai , Phường Bình Trị Đông A, Quận Bình Tân, Tp Hồ Chí Minh,75.78,5,5,0,," Nhà ngõ, hẻm",,4,16,0, Hẻm xe hơi
4860.0,39.4,Dạ Nam, Phường 3, Quận 8, Tp Hồ Chí Minh,123.35,2,2,2, Đã có sổ," Nhà ngõ, hẻm",,4.5,0,0,
4900.0,50,Quốc lộ 13, Phường Hiệp Bình Phước (Quận Thủ Đức cũ), Thành phố Thủ Đức, Tp Hồ Chí Minh,98,3,4,3, Đã có sổ," Nhà mặt phố, mặt tiền", Nhà trống,0,0,0,
4900.0,58,Gò Dầu, Phường Tân Quý, Quận Tân Phú, Tp Hồ Chí Minh, Đông,1,1,1, Đã có sổ," Nhà ngõ, hẻm",,0,0,0,
4900.0,60,Đường Gò Dầu, Phường Tân Quý, Quận Tân Phú, Tp Hồ Chí Minh,81.67,2,0,0,," Nhà ngõ, hẻm",,5,12,0,
4900.0,80,Đường 2D Nối Dài , Phường An Lạc, Quận Bình Tân, Tp Hồ Chí Minh, Bắc,2,2,2, Đã có sổ," Nhà mặt phố, mặt tiền",,0,0,0,
4950.0,110,Đường Lã Xuân Oai, Phường Tăng Nhơn Phú B (Quận 9 cũ), Thành phố Thủ Đức, Tp Hồ Chí Minh,45,4,0,0, Đã có sổ," Nhà ngõ, hẻm",,0,0,0, Nở hậu
4950.0,46,Pham Van Chieu, Phường 14, Quận Gò Vấp, Tp Hồ Chí Minh,107.61,5,5,5,," Nhà ngõ, hẻm",,4,12,0,
4999.0,80,Đường Thạch Lam, Phường Phú Thạnh, Quận Tân Phú, Tp Hồ Chí Minh,62.49,3,2,1, Đã có sổ," Nhà ngõ, hẻm", Nhà trống,0,0,0,
4999.999999,72,Đường Số 7, Phường An Lạc, Quận Bình Tân, Tp Hồ Chí Minh,69.44,4,3,3, Đã có sổ," Nhà mặt phố, mặt tiền", Nội thất cao cấp,0,0,0,
5000.0,115,Đặng Văn Bi, Phường Trường Thọ (Quận Thủ Đức cũ), Thành phố Thủ Đức, Tp Hồ Chí Minh,43.48,nhiều,0,4, Đã có sổ," Nhà ngõ, hẻm",,4.5,0,0, Hẻm xe hơi
5000.0,36.7999, Trần Quang Diệu, Phường 13, Quận 3, Tp Hồ Chí Minh,135.87,2,1,0, Đã có sổ," Nhà ngõ, hẻm",,8.1997,5.4,0,
5000.0,62,Nguyễn Ảnh Thủ, Phường Tân Chánh Hiệp, Quận 12, Tp Hồ Chí Minh,80.65,4,0,4, Đã có sổ," Nhà ngõ, hẻm", Nội thất cao cấp,4,0,0,
5100.0,30,Nguyễn Đình Chính, Phường 15, Quận Phú Nhuận, Tp Hồ Chí Minh,170,3,4,4, Đã có sổ," Nhà ngõ, hẻm", Nội thất cao cấp,0,0,0,
5100.0,41,Lâm văn bền, Phường Tân Hưng, Quận 7, Tp Hồ Chí Minh,124.39,2,0,0,," Nhà ngõ, hẻm",,0,0,0,
5100.0,60,Cách mạng tháng 8 , Phường 10, Quận 3, Tp Hồ Chí Minh,85,3,3,3,," Nhà ngõ, hẻm",,0,0,60,
5100.0,73,Phan huy Ích, Phường 15, Quận Tân Bình, Tp Hồ Chí Minh,69.86,4,5,3, Đã có sổ," Nhà ngõ, hẻm",,0,0,73,
5100.0,80,Đường Số 8, Phường An Lạc, Quận Bình Tân, Tp Hồ Chí Minh,63.75,3,2,2,," Nhà mặt phố, mặt tiền", Nội thất đầy đủ,4,0,0,
5180.0,50,Đường Âu Dương Lân, Phường 3, Quận 8, Tp Hồ Chí Minh,103.6,3,2,2, Đã có sổ," Nhà ngõ, hẻm", Nội thất đầy đủ,0,0,0,
5200.0,100,Phan Văn Hớn, Phường Tân Thới Nhất, Quận 12, Tp Hồ Chí Minh, Tây Bắc,7,Nhiều,1, Đã có sổ," Nhà ngõ, hẻm",,0,0,0,
5200.0,175,nguyễn thị thảnh, Xã Thới Tam Thôn, Huyện Hóc Môn, Tp Hồ Chí Minh, Bắc,3,3,1, Đã có sổ," Nhà ngõ, hẻm",,0,0,0,
5200.0,57, Đường Huỳnh Tấn Phát, Thị trấn Nhà Bè, Huyện Nhà Bè, Tp Hồ Chí Minh, Đông Nam,4,5,4, Đã có sổ," Nhà mặt phố, mặt tiền",,0,0,0,
5200.0,76,Đường Võ Văn Ngân, Phường Linh Chiểu (Quận Thủ Đức cũ), Thành phố Thủ Đức, Tp Hồ Chí Minh, Tây Nam,2,2,2, Đã có sổ,,,0,0,0,
5250.0,48,Đường Lê Văn Quới, Phường Bình Hưng Hoà A, Quận Bình Tân, Tp Hồ Chí Minh,109.38,4,4,3,," Nhà mặt phố, mặt tiền",,4,12,0,
5250.0,50,Tân Thới Hiệp 29, Phường Tân Chánh Hiệp, Quận 12, Tp Hồ Chí Minh,105,4,4,4, Đã có sổ, Nhà phố liền kề, Nội thất đầy đủ,0,0,0,
5250.0,60,Đường Số 5, Phường Bình Hưng Hòa, Quận Bình Tân, Tp Hồ Chí Minh,87.5,4,4,4, Đã có sổ," Nhà ngõ, hẻm", Nội thất đầy đủ,0,0,0,
5250.0,65,Nguyễn Ảnh Thủ, Phường Hiệp Thành, Quận 12, Tp Hồ Chí Minh,80.77,4,4,4,, Nhà biệt thự,,6,10,0,
5260.0,56,Trường Chinh, Phường Tân Sơn Nhì, Quận Tân Phú, Tp Hồ Chí Minh,93.93,4,0,0, Đã có sổ," Nhà ngõ, hẻm",,0,0,0, Hẻm xe hơi
5290.0,72,Đường Tô Hiệu, Phường Hiệp Tân, Quận Tân Phú, Tp Hồ Chí Minh,73.47,4,3,0,," Nhà ngõ, hẻm",,4,18,0,
5300.0,80,Hương Lộ 2, Phường Bình Trị Đông A, Quận Bình Tân, Tp Hồ Chí Minh, Tây,3,2,2, Đã có sổ," Nhà ngõ, hẻm",,0,0,0,
5300.0,85,Tân Thới Nhất 1, Phường Tân Thới Nhất, Quận 12, Tp Hồ Chí Minh,62.35,10,Nhiều,3, Đã có sổ," Nhà ngõ, hẻm", Nội thất đầy đủ,0,0,0,
5330.0,60,Nguyễn Sỹ Sách, Phường 15, Quận Tân Bình, Tp Hồ Chí Minh, Đông Nam,2,3,2, Đã có sổ," Nhà ngõ, hẻm",,0,0,0,
5350.0,98,Đông Hưng Thuận 05, Phường Đông Hưng Thuận, Quận 12, Tp Hồ Chí Minh,54.59,2,2,0, Đã có sổ," Nhà ngõ, hẻm", Nội thất đầy đủ,7,0,0,
5400.0,37,Thống nhất, Phường 16, Quận Gò Vấp, Tp Hồ Chí Minh,145.95,4,0,0,," Nhà ngõ, hẻm",,0,0,0,
5400.0,44.2,Hẻm 100 Bùi Minh Trực, Phường 5, Quận 8, Tp Hồ Chí Minh,122.17,3,4,0,," Nhà ngõ, hẻm",,4.3,10,0, Nở hậu
5400.0,60,Đường Thống Nhất, Phường 16, Quận Gò Vấp, Tp Hồ Chí Minh,90,5,0,0,," Nhà ngõ, hẻm",,0,0,0, Hẻm xe hơi
5400.0,64,Tô Ngọc Vân, Phường Thạnh Xuân, Quận 12, Tp Hồ Chí Minh, Tây Bắc,4,5,3, Đã có sổ," Nhà ngõ, hẻm",,0,0,0,
5400.0,80,Đường số 48, Phường Hiệp Bình Chánh (Quận Thủ Đức cũ), Thành phố Thủ Đức, Tp Hồ Chí Minh,67.5,3,3,2, Đã có sổ," Nhà mặt phố, mặt tiền",,0,0,0, Hẻm xe hơi
5450.0,80,Dương Thị Mười, Phường Tân Chánh Hiệp, Quận 12, Tp Hồ Chí Minh,68.13,4,0,4, Đã có sổ," Nhà ngõ, hẻm",,4,20,0,
5500.0,25, Hẻm 95 Chiến Lược, Phường Bình Trị Đông, Quận Bình Tân, Tp Hồ Chí Minh, Đông,3,0,3, Đã có sổ," Nhà ngõ, hẻm", Nhà trống,0,0,0,
5500.0,50,Đường Số 5, Phường Bình Hưng Hòa, Quận Bình Tân, Tp Hồ Chí Minh,110,5,6,3, Đã có sổ," Nhà ngõ, hẻm", Nội thất cao cấp,0,0,0,
5500.0,60,Tân Kỳ Tân Quý, Phường Bình Hưng Hoà A, Quận Bình Tân, Tp Hồ Chí Minh,91.67,5,5,0, Đã có sổ, Nhà phố liền kề,,4,15,0,
5500.0,62,Đường Hiệp Bình, Phường Hiệp Bình Chánh (Quận Thủ Đức cũ), Thành phố Thủ Đức, Tp Hồ Chí Minh,88.71,4,4,0, Đã có sổ," Nhà mặt phố, mặt tiền", Nội thất đầy đủ,0,0,0, Hẻm xe hơi
5500.0,66,Đường số 12, Phường Hiệp Bình Chánh (Quận Thủ Đức cũ), Thành phố Thủ Đức, Tp Hồ Chí Minh, Bắc,4,3,3, Đã có sổ," Nhà ngõ, hẻm",,0,0,0,
5500.0,67,Nguyễn Sỹ Sách, Phường 15, Quận Tân Bình, Tp Hồ Chí Minh,82.09,4,0,3, Đã có sổ," Nhà ngõ, hẻm", Nội thất cao cấp,4,0,0,
5500.0,71, Đường Huỳnh Tấn Phát, Phường Bình Thuận, Quận 7, Tp Hồ Chí Minh, Tây,3,3,2, Đã có sổ," Nhà mặt phố, mặt tiền",,0,0,0,
5500.0,80,Lê Cảnh Tuân, Phường Phú Thọ Hòa, Quận Tân Phú, Tp Hồ Chí Minh,68.75,2,0,0,," Nhà ngõ, hẻm",,5,16,0,
5500.0,80,Đường Lê Văn Quới, Phường Bình Trị Đông, Quận Bình Tân, Tp Hồ Chí Minh,68.75,5,5,0, Đã có sổ, Nhà biệt thự,,5,16,0,
5550.0,46.2,Đường Huỳnh Tấn Phát, Phường Bình Thuận, Quận 7, Tp Hồ Chí Minh,120.13,3,3,0, Đã có sổ, Nhà phố liền kề, Nội thất cao cấp,4.1999,0,0,
5600.0,44,Bình Giã, Phường 13, Quận Tân Bình, Tp Hồ Chí Minh,127.27,5,0,0,," Nhà ngõ, hẻm",,0,0,0,
5600.0,58,Lê Đình Thám, Phường Tân Quý, Quận Tân Phú, Tp Hồ Chí Minh, Nam,3,3,3, Đã có sổ," Nhà ngõ, hẻm",,0,0,0,
5600.0,77,Đường Phan Huy Ích, Phường 15, Quận Tân Bình, Tp Hồ Chí Minh,72.73,2,1,0,, Nhà biệt thự,,6,15,77,
5600.0,90,Lê Văn Quới, Phường Bình Trị Đông A, Quận Bình Tân, Tp Hồ Chí Minh, Nam,5,5,5, Đã có sổ," Nhà ngõ, hẻm",,0,0,0,
5680.0,45.4,Đường Lê Đức Thọ, Phường 13, Quận Gò Vấp, Tp Hồ Chí Minh, Tây Bắc,4,5,0, Đã có sổ," Nhà ngõ, hẻm", Nhà trống,0,0,0,
5680.0,46,Đường Lê Đức Thọ, Phường 13, Quận Gò Vấp, Tp Hồ Chí Minh, Tây Bắc,4,5,4, Đã có sổ, Nhà phố liền kề,,0,0,0,
5690.0,60,Lê Thị Riêng, Phường Thới An, Quận 12, Tp Hồ Chí Minh, Đông,5,6,0, Đã có sổ," Nhà ngõ, hẻm", Nội thất cao cấp,0,0,0,
5700.0,105,Phạm Đăng Giảng, Phường Bình Hưng Hòa, Quận Bình Tân, Tp Hồ Chí Minh, Đông,3,2,2, Đã có sổ," Nhà ngõ, hẻm",,0,0,0,
5700.0,68,Lê Công Phép, Phường An Lạc, Quận Bình Tân, Tp Hồ Chí Minh, Đông,2,0,1, Đã có sổ," Nhà mặt phố, mặt tiền",,4.6999,0,0,
5700.0,70,Lê Công Phép, Phường An Lạc, Quận Bình Tân, Tp Hồ Chí Minh, Đông Nam,3,4,1, Đã có sổ," Nhà mặt phố, mặt tiền",,0,0,0,
5800.0,30,Nguyễn Cảnh Chân, Phường Cầu Kho, Quận 1, Tp Hồ Chí Minh, Đông Bắc,3,4,3, Đã có sổ," Nhà ngõ, hẻm",,0,0,0,
5800.0,48,Khuông Việt, Phường Phú Trung, Quận Tân Phú, Tp Hồ Chí Minh,120.83,2,3,1, Đã có sổ," Nhà mặt phố, mặt tiền",,0,0,0,
5850.0,46,Đường Lê Đức Thọ, Phường 16, Quận Gò Vấp, Tp Hồ Chí Minh,127.17,4,3,33,," Nhà ngõ, hẻm",,3.4,14,0,
5900.0,38.7,Phạm Thế Hiển, Phường 6, Quận 8, Tp Hồ Chí Minh, Tây Bắc,5,3,3, Đã có sổ," Nhà mặt phố, mặt tiền",,0,0,0,
5900.0,48, Dương Bá Trạc, Phường 1, Quận 8, Tp Hồ Chí Minh, Tây,4,5,3, Đã có sổ," Nhà ngõ, hẻm",,0,0,0,
5900.0,60,Đường Tô Hiến Thành, Phường 15, Quận 10, Tp Hồ Chí Minh,98.33,3,0,0,," Nhà ngõ, hẻm",,0,0,0, Hẻm xe hơi
5900.0,72,Tỉnh Lộ 10, Phường Bình Trị Đông, Quận Bình Tân, Tp Hồ Chí Minh,81.94,5,5,0,," Nhà ngõ, hẻm",,4,18,0," Hẻm xe hơi,Nở hậu"
5950.0,60,Huỳnh Tấn Phát, Phường Bình Thuận, Quận 7, Tp Hồ Chí Minh,99.17,4,4,4, Đã có sổ," Nhà ngõ, hẻm", Nội thất đầy đủ,0,0,0,
5999.0,100,Tôn Đản, Phường 10, Quận 4, Tp Hồ Chí Minh, Đông Nam,7,Nhiều,0, Đã có sổ," Nhà ngõ, hẻm", Nội thất đầy đủ,0,0,0,
5999.999,72,Hẻm 76 Nguyễn Sơn, Phường Phú Thọ Hòa, Quận Tân Phú, Tp Hồ Chí Minh,83.33,3,2,2, Đã có sổ, Nhà phố liền kề,,7,0,0,
6000.0,60,Quốc lộ 13, Phường Hiệp Bình Phước (Quận Thủ Đức cũ), Thành phố Thủ Đức, Tp Hồ Chí Minh,100,4,4,0, Đã có sổ, Nhà phố liền kề, Nhà trống,4,0,0,
6000.0,60,Quốc lộ 13, Phường Hiệp Bình Phước (Quận Thủ Đức cũ), Thành phố Thủ Đức, Tp Hồ Chí Minh,100,4,5,3, Đã có sổ," Nhà mặt phố, mặt tiền", Nội thất đầy đủ,0,0,0,
6000.0,63,Bình Thành, Phường Bình Hưng Hoà B, Quận Bình Tân, Tp Hồ Chí Minh, Bắc,5,5,4, Đã có sổ," Nhà mặt phố, mặt tiền",,0,0,0,
6000.0,64,Trường Chinh, Phường Tây Thạnh, Quận Tân Phú, Tp Hồ Chí Minh,93.75,5,5,0, Đã có sổ," Nhà ngõ, hẻm", Nội thất đầy đủ,4,0,0,
6100.0,70,Phú Thuận, Phường Phú Thuận, Quận 7, Tp Hồ Chí Minh,87.14,2,0,0, Đã có sổ," Nhà ngõ, hẻm",,5,14,0,
6100.0,70,Phú Thuận, Phường Phú Thuận, Quận 7, Tp Hồ Chí Minh,87.14,4,5,3, Đã có sổ, Nhà phố liền kề, Nội thất đầy đủ,0,0,0,
6190.0,42,Đinh Tiên Hoàng, Phường 3, Quận Bình Thạnh, Tp Hồ Chí Minh,147.38,4,5,4, Đã có sổ," Nhà ngõ, hẻm", Nội thất cao cấp,0,0,0,
6200.0,58,Đường Lạc Long Quân, Phường 5, Quận 11, Tp Hồ Chí Minh, Tây Bắc,2,2,2,," Nhà ngõ, hẻm", Nhà trống,0,0,0,
6200.0,60,Đường số 10, Phường Hiệp Bình Phước (Quận Thủ Đức cũ), Thành phố Thủ Đức, Tp Hồ Chí Minh, Đông Bắc,4,4,3, Đã có sổ," Nhà mặt phố, mặt tiền",,0,0,0,
6300.0,38,Đường Trần Bình Trọng, Phường 1, Quận 10, Tp Hồ Chí Minh,165.79,2,2,2, Đã có sổ," Nhà ngõ, hẻm",,3.2999,0,0,
6300.0,60,Hương Lộ 2, Phường Bình Trị Đông A, Quận Bình Tân, Tp Hồ Chí Minh,105,6,6,5, Đã có sổ," Nhà ngõ, hẻm", Nội thất cao cấp,0,0,0,
6390.0,80,Phạm Thế Hiển, Phường 7, Quận 8, Tp Hồ Chí Minh, Đông Nam,4,3,4, Đã có sổ," Nhà mặt phố, mặt tiền",,0,0,0,
6400.0,32,Đường Phan Đăng Lưu, Phường 1, Quận Phú Nhuận, Tp Hồ Chí Minh,200,4,5,5, Đã có sổ," Nhà ngõ, hẻm", Nội thất đầy đủ,0,0,0,
6400.0,80,Gò Xoài, Phường Bình Hưng Hoà A, Quận Bình Tân, Tp Hồ Chí Minh, Bắc,5,4,5, Đã có sổ," Nhà ngõ, hẻm", Nội thất cao cấp,5.0998,15,370," Nở hậu,Hẻm xe hơi"
6500.0,184.8999, Lộ Tẻ, Phường Tân Tạo A, Quận Bình Tân, Tp Hồ Chí Minh, Đông,nhiều,0,2, Đã có sổ," Nhà ngõ, hẻm",,8.13,0,0,
6500.0,344.8999, Huỳnh Tấn Phát, Xã Phú Xuân, Huyện Nhà Bè, Tp Hồ Chí Minh,18.85,nhiều,0,0,," Nhà ngõ, hẻm",,0,0,0,
6500.0,56, Đường Huỳnh Tấn Phát, Thị trấn Nhà Bè, Huyện Nhà Bè, Tp Hồ Chí Minh, Đông Bắc,4,5,4, Đã có sổ," Nhà mặt phố, mặt tiền",,0,0,0,
6500.0,61,Đường Số 27, Phường Sơn Kỳ, Quận Tân Phú, Tp Hồ Chí Minh,106.56,1,0,0,," Nhà mặt phố, mặt tiền",,0,0,0,
6500.0,66,Đường Quang Trung, Phường 14, Quận Gò Vấp, Tp Hồ Chí Minh,98.48,4,0,0,," Nhà ngõ, hẻm",,0,0,0,
6500.0,67,Đường Kinh Dương Vương, Phường An Lạc, Quận Bình Tân, Tp Hồ Chí Minh, Tây Nam,3,4,2, Đã có sổ," Nhà mặt phố, mặt tiền",,0,0,0,
6500.0,80,Xô Viết Nghệ Tĩnh, Phường 21, Quận Bình Thạnh, Tp Hồ Chí Minh,81.25,4,3,0,," Nhà mặt phố, mặt tiền", Nội thất đầy đủ,4.1999,19,0,
6750.0,60,Đường Tân Mỹ, Phường Tân Thuận Tây, Quận 7, Tp Hồ Chí Minh,112.5,3,4,3, Đã có sổ," Nhà ngõ, hẻm", Nội thất đầy đủ,0,0,0,
6750.0,61,Đường Hiệp Bình, Phường Hiệp Bình Chánh (Quận Thủ Đức cũ), Thành phố Thủ Đức, Tp Hồ Chí Minh,110.66,4,5,4, Đã có sổ," Nhà mặt phố, mặt tiền", Nội thất đầy đủ,0,0,0,
6800.0,66,Đường Bà Hom, Phường 13, Quận 6, Tp Hồ Chí Minh,103.03,2,1,2, Đã có sổ," Nhà ngõ, hẻm", Nội thất đầy đủ,0,0,0,
6850.0,42.2,Phan Văn Trị, Phường 11, Quận Bình Thạnh, Tp Hồ Chí Minh, Tây Nam,2,3,5, Đã có sổ," Nhà ngõ, hẻm",,0,0,0,
6850.0,66,Đường Số 11, Phường Trường Thọ (Quận Thủ Đức cũ), Thành phố Thủ Đức, Tp Hồ Chí Minh,103.79,3,4,3, Đã có sổ," Nhà mặt phố, mặt tiền", Nội thất đầy đủ,0,0,0,
6900.0,101,Đường Âu Cơ, Phường Tân Sơn Nhì, Quận Tân Phú, Tp Hồ Chí Minh, Tây,2,1,1, Đã có sổ," Nhà ngõ, hẻm",,0,0,0,
6900.0,124,Đường Lã Xuân Oai, Phường Tăng Nhơn Phú A (Quận 9 cũ), Thành phố Thủ Đức, Tp Hồ Chí Minh,55.65,3,3,4, Đã có sổ," Nhà mặt phố, mặt tiền", Nội thất đầy đủ,0,0,0,
6900.0,75,Hoà Bình, Phường Tân Thới Hòa, Quận Tân Phú, Tp Hồ Chí Minh,92,3,3,2, Đã có sổ," Nhà ngõ, hẻm",,0,0,0,
6950.0,72,Hương Lộ 2, Phường Bình Trị Đông A, Quận Bình Tân, Tp Hồ Chí Minh,96.53,4,0,0,," Nhà mặt phố, mặt tiền",,0,0,0,
6950.0,80,Huỳnh Tấn Phát, Thị trấn Nhà Bè, Huyện Nhà Bè, Tp Hồ Chí Minh, Tây,4,5,4, Đã có sổ," Nhà mặt phố, mặt tiền",,0,0,0,
6980.0,136,Hương Lộ 2, Phường Bình Trị Đông A, Quận Bình Tân, Tp Hồ Chí Minh,51.32,1,1,0, Đã có sổ," Nhà ngõ, hẻm",,8,17,0,
6990.0,105,Lê Trọng Tấn, Phường Tây Thạnh, Quận Tân Phú, Tp Hồ Chí Minh,66.57,4,4,3, Đã có sổ," Nhà ngõ, hẻm", Nội thất đầy đủ,0,0,0,
7000.0,100, Đường Hà Huy Giáp, Phường Thạnh Xuân, Quận 12, Tp Hồ Chí Minh, Đông Nam,4,5,3,, Nhà phố liền kề,,5,0,0,
7000.0,62,ĐƯỜNG SỐ 13, Phường Bình Trưng Tây (Quận 2 cũ), Thành phố Thủ Đức, Tp Hồ Chí Minh,112.9,2,2,2, Đã có sổ," Nhà mặt phố, mặt tiền", Nội thất cao cấp,0,0,0,
7200.0,105,Dương Cát Lợi, Thị trấn Nhà Bè, Huyện Nhà Bè, Tp Hồ Chí Minh,68.57,5,5,4, Đã có sổ," Nhà ngõ, hẻm", Nội thất cao cấp,0,0,0,
7200.0,42.5,Đường Lê Đức Thọ, Phường 13, Quận Gò Vấp, Tp Hồ Chí Minh, Đông Nam,3,4,5, Đã có sổ," Nhà ngõ, hẻm",,0,0,0,
7200.0,70,đường số 13, Phường Bình Trưng Tây (Quận 2 cũ), Thành phố Thủ Đức, Tp Hồ Chí Minh,102.86,2,2,2, Đã có sổ," Nhà mặt phố, mặt tiền", Nhà trống,0,0,0,
7250.0,40,Đường Sư Vạn Hạnh, Phường 9, Quận 10, Tp Hồ Chí Minh,181.25,3,3,0,," Nhà ngõ, hẻm",,4,11,98,
7250.0,63,Phạm Văn Đồng, Phường Hiệp Bình Chánh (Quận Thủ Đức cũ), Thành phố Thủ Đức, Tp Hồ Chí Minh,115.08,4,4,3, Đã có sổ," Nhà mặt phố, mặt tiền",,4.1999,0,0,
7300.0,105,Dương Cát Lợi, Thị trấn Nhà Bè, Huyện Nhà Bè, Tp Hồ Chí Minh,69.52,4,0,0,," Nhà mặt phố, mặt tiền",,7,15,0, Hẻm xe hơi
7300.0,105,Đường Dương Cát Lợi, Thị trấn Nhà Bè, Huyện Nhà Bè, Tp Hồ Chí Minh, Đông Bắc,4,5,1, Đã có sổ," Nhà ngõ, hẻm",,0,0,0,
7300.0,55,Hẻm 133/38 Cống Lở, Phường 15, Quận Tân Bình, Tp Hồ Chí Minh, Đông Bắc,5,5,4, Đã có sổ," Nhà ngõ, hẻm",,0,0,0,
7300.0,64,Âu Cơ, Phường Tân Sơn Nhì, Quận Tân Phú, Tp Hồ Chí Minh, Nam,3,3,3, Đã có sổ," Nhà ngõ, hẻm",,0,0,0,
7450.0,60,Quốc Lộ 13, Phường Hiệp Bình Chánh (Quận Thủ Đức cũ), Thành phố Thủ Đức, Tp Hồ Chí Minh,124.17,4,4,0, Đã có sổ," Nhà mặt phố, mặt tiền", Nhà trống,4,0,0,
7500.0,101,Nguyễn Duy Trinh, Phường Trường Thạnh (Quận 9 cũ), Thành phố Thủ Đức, Tp Hồ Chí Minh, Nam,5,4,3, Đã có sổ, Nhà phố liền kề,,0,0,0,
7500.0,65,Phan Sào Nam, Phường 14, Quận Tân Bình, Tp Hồ Chí Minh,115.38,6,5,4, Đã có sổ," Nhà ngõ, hẻm", Nhà trống,0,0,0,
7500.0,77,Cộng Hòa, Phường 13, Quận Tân Bình, Tp Hồ Chí Minh,97.4,1,1,1, Đã có sổ," Nhà ngõ, hẻm", Nội thất đầy đủ,0,0,0,
7500.0,80,Đường Số 32B, Phường Bình Trị Đông B, Quận Bình Tân, Tp Hồ Chí Minh,93.75,4,0,0,," Nhà mặt phố, mặt tiền",,4,20,0,
7800.0,63,Đường Tên Lửa, Phường Bình Trị Đông B, Quận Bình Tân, Tp Hồ Chí Minh,123.81,2,3,2,, Nhà phố liền kề,,4,15.6,0,
7800.0,72,Vườn Lài, Phường Phú Thọ Hòa, Quận Tân Phú, Tp Hồ Chí Minh,108.33,4,5,0,," Nhà ngõ, hẻm",,4,18,223,
7800.0,85,Hoảng Quốc Việt , Phường Phú Thuận, Quận 7, Tp Hồ Chí Minh,91.76,4,5,3, Đã có sổ," Nhà ngõ, hẻm", Nội thất cao cấp,0,0,0,
7900.0,118,Đường số 128, Phường Phước Long A (Quận 9 cũ), Thành phố Thủ Đức, Tp Hồ Chí Minh,66.95,2,0,0, Đã có sổ," Nhà mặt phố, mặt tiền", Nhà trống,6,19,0,
7900.0,82,đường Huỳnh Tấn Phát, Phường Phú Mỹ, Quận 7, Tp Hồ Chí Minh, Đông Bắc,4,5,4, Đã có sổ," Nhà mặt phố, mặt tiền",,0,0,0,
8000.0,85,Đường Hòa Bình, Phường Hiệp Tân, Quận Tân Phú, Tp Hồ Chí Minh,94.12,7,0,3,," Nhà mặt phố, mặt tiền",,8,11,300,
8000.0,90,Hòa Bình, Phường Hiệp Tân, Quận Tân Phú, Tp Hồ Chí Minh, Đông Nam,7,0,3, Đã có sổ," Nhà mặt phố, mặt tiền", Nội thất đầy đủ,0,0,0,
8250.0,185,Nguyễn Ảnh Thủ, Xã Bà Điểm, Huyện Hóc Môn, Tp Hồ Chí Minh, Đông Nam,4,4,2, Đã có sổ, Nhà biệt thự,,0,0,0,
8300.0,68,Cư xá Phú Lâm D, Phường 10, Quận 6, Tp Hồ Chí Minh,122.06,2,2,0,," Nhà mặt phố, mặt tiền",,4,18,0, Hẻm xe hơi
8500.0,117.5998,Đường Đỗ Xuân Hợp, Phường Phước Long B (Quận 9 cũ), Thành phố Thủ Đức, Tp Hồ Chí Minh,72.28,2,2,1, Đã có sổ," Nhà mặt phố, mặt tiền",,6,0,0,
8500.0,51,Tam Đảo, Phường 15, Quận 10, Tp Hồ Chí Minh,166.67,3,2,2, Đã có sổ," Nhà mặt phố, mặt tiền",,4.0998,0,0,
8500.0,64,Đường Gò Dầu, Phường Tân Quý, Quận Tân Phú, Tp Hồ Chí Minh,132.81,3,3,3, Đã có sổ," Nhà mặt phố, mặt tiền",,4,0,0,
8500.0,64,Đường số 1C, Phường An Lạc A, Quận Bình Tân, Tp Hồ Chí Minh,132.81,4,4,4, Đã có sổ," Nhà mặt phố, mặt tiền", Nội thất cao cấp,0,0,0,
8500.0,68.6998, Quận Bình Tân TP HCM, Phường Bình Trị Đông B, Quận Bình Tân, Tp Hồ Chí Minh, Tây Nam,6,6,3, Đã có sổ," Nhà ngõ, hẻm",,0,0,0,
8500.0,72,Đường Số 1, Phường Bình Trị Đông B, Quận Bình Tân, Tp Hồ Chí Minh, Bắc,5,5,3, Đã có sổ," Nhà mặt phố, mặt tiền",,0,0,0,
8500.0,80,Dương quãng Hàm, Phường 6, Quận Gò Vấp, Tp Hồ Chí Minh,106.25,5,3,3, Đã có sổ," Nhà ngõ, hẻm", Nội thất cao cấp,0,0,0,
8600.0,82, Đường Lạc Long Quân, Phường 5, Quận 11, Tp Hồ Chí Minh, Tây Nam,4,5,4, Đã có sổ," Nhà ngõ, hẻm",,0,0,0,
8700.0,80,Bình Phú, Phường 11, Quận 6, Tp Hồ Chí Minh,108.75,3,3,3, Đã có sổ," Nhà mặt phố, mặt tiền",,4,0,0,
8880.0,144,Vuon Lai, Phường An Phú Đông, Quận 12, Tp Hồ Chí Minh,61.67,nhiều,Nhiều,0, Đã có sổ," Nhà ngõ, hẻm",,14,10,0,
8900.0,79,Đường B2, Phường Tây Thạnh, Quận Tân Phú, Tp Hồ Chí Minh,112.66,4,4,3, Đã có sổ," Nhà mặt phố, mặt tiền", Nội thất cao cấp,0,0,0,
8950.0,67,Đường số 30, Phường 6, Quận Gò Vấp, Tp Hồ Chí Minh, Đông,4,5,5, Đã có sổ," Nhà ngõ, hẻm",,0,0,0,
8960.0,74,Đường Dương Cát Lợi, Thị trấn Nhà Bè, Huyện Nhà Bè, Tp Hồ Chí Minh, Bắc,4,5,4, Đã có sổ," Nhà mặt phố, mặt tiền",,0,0,0,
9000.0,100,Đường số 30, Phường Bình Trị Đông B, Quận Bình Tân, Tp Hồ Chí Minh,90,5,0,0,," Nhà mặt phố, mặt tiền",,5,20,0,
9000.0,131,Đường số 6, Xã Phong Phú, Huyện Bình Chánh, Tp Hồ Chí Minh, Tây Nam,4,0,3,, Nhà phố liền kề,,7,20,0,
9000.0,152,Đường số 2D, Phường An Lạc, Quận Bình Tân, Tp Hồ Chí Minh, Đông,nhiều,Nhiều,1, Đã có sổ," Nhà mặt phố, mặt tiền",,0,0,0,
9000.0,40,Đường Ba Vân, Phường 14, Quận Tân Bình, Tp Hồ Chí Minh,225,4,4,4, Đã có sổ," Nhà mặt phố, mặt tiền", Nội thất đầy đủ,0,0,0,
9000.0,44.2,Nguyen Thi Tan, Phường 2, Quận 8, Tp Hồ Chí Minh,203.62,4,2,2, Đã có sổ," Nhà mặt phố, mặt tiền",,3.7,0,0,
9000.0,80,Đường Số 24, Phường Bình Trị Đông B, Quận Bình Tân, Tp Hồ Chí Minh, Đông,3,3,2, Đã có sổ," Nhà mặt phố, mặt tiền",,0,0,0,
9200.0,63,Cư Xá Phú Lâm B, Phường 13, Quận 6, Tp Hồ Chí Minh,146.03,1,1,0, Đã có sổ," Nhà mặt phố, mặt tiền",,4.1999,15,0,
9200.0,84,Đường số 18, Phường Bình Hưng Hòa, Quận Bình Tân, Tp Hồ Chí Minh, Đông Bắc,nhiều,Nhiều,4, Đã có sổ," Nhà mặt phố, mặt tiền",,0,0,0,
9500.0,100,Nguyễn Xí, Phường 13, Quận Bình Thạnh, Tp Hồ Chí Minh,95,4,0,0,, Nhà phố liền kề,,0,0,0,
9500.0,109,Đường Điện Biên Phủ, Phường 22, Quận Bình Thạnh, Tp Hồ Chí Minh,87.16,3,3,2, Đã có sổ," Nhà ngõ, hẻm", Nội thất đầy đủ,0,0,0,
9500.0,120,Đường Số 8, Phường Hiệp Bình Phước (Quận Thủ Đức cũ), Thành phố Thủ Đức, Tp Hồ Chí Minh,79.17,4,3,3, Đã có sổ," Nhà mặt phố, mặt tiền", Nội thất cao cấp,0,0,0,
9500.0,28,Tran Van Đang, Phường 11, Quận 3, Tp Hồ Chí Minh, Đông Nam,4,4,4, Đã có sổ," Nhà mặt phố, mặt tiền",,0,0,0,
9500.0,40,Đường Đội Cung, Phường 9, Quận 11, Tp Hồ Chí Minh, Tây Bắc,4,4,0,," Nhà mặt phố, mặt tiền",,0,0,0,
9500.0,50,Nam Kì Khởi Nghĩa, Phường Võ Thị Sáu, Quận 3, Tp Hồ Chí Minh,190,nhiều,0,0,, Nhà phố liền kề,,0,0,0,
9500.0,58,Nguyễn Văn Luông, Phường 10, Quận 6, Tp Hồ Chí Minh,163.79,2,0,0, Đã có sổ," Nhà mặt phố, mặt tiền",,4.3,13.5,110,
9500.0,68,Bình Phú, Phường 11, Quận 6, Tp Hồ Chí Minh,139.71,4,0,3, Đã có sổ, Nhà phố liền kề,,4,17,0,
9500.0,72,Đường Lê Quát, Phường Tân Thới Hòa, Quận Tân Phú, Tp Hồ Chí Minh,131.94,4,5,0, Đã có sổ," Nhà ngõ, hẻm", Nội thất đầy đủ,4,0,0,
9600.0,53, Đường Phan Huy Ích, Phường 12, Quận Gò Vấp, Tp Hồ Chí Minh, Bắc,4,4,4, Đã có sổ," Nhà mặt phố, mặt tiền",,0,0,0,
9700.0,108,Tôn Thất Thuyết, Phường 16, Quận 4, Tp Hồ Chí Minh,89.81,2,2,0, Đã có sổ," Nhà ngõ, hẻm",,5,0,0," Hẻm xe hơi,Nở hậu"
9700.0,61,Phan Đình Phùng, Phường Tân Thành, Quận Tân Phú, Tp Hồ Chí Minh,159.02,5,6,0, Đã có sổ," Nhà mặt phố, mặt tiền", Nhà trống,4,0,0,
9700.0,80,Đường số 5A, Phường Bình Trị Đông B, Quận Bình Tân, Tp Hồ Chí Minh, Bắc,4,4,4, Đã có sổ," Nhà mặt phố, mặt tiền",,0,0,0,
9800.0,100, Tp.HCM, Phường An Phú Đông, Quận 12, Tp Hồ Chí Minh,98,3,4,2, Đã có sổ, Nhà phố liền kề, Nhà trống,0,0,0,
10000.0,53,Lê Sát, Phường Tân Quý, Quận Tân Phú, Tp Hồ Chí Minh, Đông,4,3,4, Đã có sổ," Nhà mặt phố, mặt tiền",,4,14,240,
10000.0,66, Đường Âu Cơ, Phường 10, Quận Tân Bình, Tp Hồ Chí Minh, Tây Nam,2,1,1,," Nhà mặt phố, mặt tiền",,3.5999,0,0,
10200.0,85,Nguyễn Văn Trỗi, Phường 15, Quận Phú Nhuận, Tp Hồ Chí Minh,120,nhiều,0,0,," Nhà ngõ, hẻm",,0,0,0,
10500.0,42,Lê Văn Sỹ, Phường 14, Quận 3, Tp Hồ Chí Minh, Đông Bắc,4,4,3, Đã có sổ," Nhà ngõ, hẻm",,0,0,0,
10500.0,84,Lý Thường Kiệt, Phường 9, Quận Tân Bình, Tp Hồ Chí Minh, Đông Bắc,2,2,2, Đã có sổ," Nhà ngõ, hẻm",,0,0,0,
10500.0,90, Hẻm 687 Kinh Dương Vương, Phường An Lạc, Quận Bình Tân, Tp Hồ Chí Minh, Đông,8,6,3, Đã có sổ," Nhà mặt phố, mặt tiền",,0,0,0,
10800.0,80,Đường Nguyễn Cửu Đàm, Phường Tân Sơn Nhì, Quận Tân Phú, Tp Hồ Chí Minh, Đông,4,4,4, Đã có sổ," Nhà mặt phố, mặt tiền",,0,0,0,
10800.0,85.3,đường số 19, Phường Cát Lái (Quận 2 cũ), Thành phố Thủ Đức, Tp Hồ Chí Minh,126.61,4,4,0, Đã có sổ," Nhà mặt phố, mặt tiền", Nội thất đầy đủ,4.3,0,0,
11200.0,241, Quốc lộ 1A, Phường Tam Bình (Quận Thủ Đức cũ), Thành phố Thủ Đức, Tp Hồ Chí Minh,46.47,4,2,2, Đã có sổ," Nhà mặt phố, mặt tiền",,8,0,0,
11200.0,80,Hoàng Quốc Việt, Phường Phú Thuận, Quận 7, Tp Hồ Chí Minh, Bắc,6,6,5, Đã có sổ," Nhà mặt phố, mặt tiền",,0,0,0,
12000.0,33,Đường Vĩnh Viễn, Phường 6, Quận 10, Tp Hồ Chí Minh, Tây Bắc,4,4,4, Đã có sổ," Nhà mặt phố, mặt tiền",,0,0,0,
12000.0,91,Tạ Quang Bửu, Phường 5, Quận 8, Tp Hồ Chí Minh, Đông Bắc,6,4,5, Đã có sổ," Nhà mặt phố, mặt tiền",,0,0,0,
12000.0,95,Nguyễn Văn Trỗi, Phường 11, Quận Phú Nhuận, Tp Hồ Chí Minh,126.32,5,4,4, Đã có sổ," Nhà ngõ, hẻm", Nội thất cao cấp,0,0,0,
12100.0,80,đường số 28, Phường 11, Quận 6, Tp Hồ Chí Minh,151.25,3,3,3, Đã có sổ," Nhà mặt phố, mặt tiền",,8,0,0,
12300.0,80,Đường Trần Văn Kiểu, Phường 10, Quận 6, Tp Hồ Chí Minh,153.75,4,5,5, Đã có sổ," Nhà mặt phố, mặt tiền",,4,0,0,
12400.0,60,Lê Văn Sỹ , Phường 14, Quận 3, Tp Hồ Chí Minh,206.67,nhiều,0,0,, Nhà phố liền kề,,0,0,0,
12500.0,70,41, Phường Tân Quy, Quận 7, Tp Hồ Chí Minh,178.57,3,3,2,," Nhà mặt phố, mặt tiền",,3.9,18,0,
12500.0,80,Đường Số 44, Phường 10, Quận 6, Tp Hồ Chí Minh,156.25,5,5,0, Đã có sổ," Nhà mặt phố, mặt tiền",,4,20,0,
12700.0,120,Đường số 26, Phường Bình Trị Đông B, Quận Bình Tân, Tp Hồ Chí Minh,105.83,5,0,0,," Nhà mặt phố, mặt tiền",,6,20,0,
12700.0,85,Đường Bùi Đình Tuý, Phường 12, Quận Bình Thạnh, Tp Hồ Chí Minh,149.41,6,Nhiều,3, Đã có sổ," Nhà ngõ, hẻm", Nội thất cao cấp,0,0,0,
12850.0,70,3 Tháng 2, Phường 14, Quận 10, Tp Hồ Chí Minh,183.57,nhiều,Nhiều,5, Đã có sổ," Nhà mặt phố, mặt tiền", Nội thất cao cấp,0,0,0,
13000.0,120,Đường Số 22, Phường Phước Long B (Quận 9 cũ), Thành phố Thủ Đức, Tp Hồ Chí Minh,108.33,4,0,0,," Nhà mặt phố, mặt tiền",,0,0,0,
13200.0,120,Đường số 3, Phường Bình Trị Đông B, Quận Bình Tân, Tp Hồ Chí Minh, Bắc,3,3,1, Đã có sổ," Nhà mặt phố, mặt tiền",,0,0,0,
13200.0,90,Đường Số 1, Phường An Lạc, Quận Bình Tân, Tp Hồ Chí Minh,146.67,4,5,5, Đã có sổ," Nhà mặt phố, mặt tiền", Nội thất cao cấp,0,0,0,
13500.0,100,Đường Tây Thạnh, Phường Tây Thạnh, Quận Tân Phú, Tp Hồ Chí Minh,135,5,6,4, Đã có sổ," Nhà mặt phố, mặt tiền", Nội thất cao cấp,0,0,0,
13500.0,114,Trần Xuân Soạn, Phường Tân Kiểng, Quận 7, Tp Hồ Chí Minh,118.42,6,6,3, Đã có sổ," Nhà mặt phố, mặt tiền", Nội thất đầy đủ,0,0,0,
13500.0,65,Đường Phạm Văn Bạch, Phường 15, Quận Tân Bình, Tp Hồ Chí Minh, Tây Bắc,4,4,3, Đã có sổ," Nhà mặt phố, mặt tiền",,0,0,0,
13800.0,150,HT26, Phường Hiệp Thành, Quận 12, Tp Hồ Chí Minh,92,3,4,3, Đã có sổ," Nhà mặt phố, mặt tiền", Nội thất cao cấp,0,0,0,
13900.0,242.8,Lương Thế Vinh, Phường Tân Thới Hòa, Quận Tân Phú, Tp Hồ Chí Minh,57.25,4,5,3, Đã có sổ," Nhà mặt phố, mặt tiền", Nội thất đầy đủ,4.0598,22.7999,0,
14000.0,120,Đường Hoa Bằng, Phường Tân Sơn Nhì, Quận Tân Phú, Tp Hồ Chí Minh,116.67,6,6,4, Đã có sổ, Nhà biệt thự, Nội thất cao cấp,0,0,0,
14000.0,58,Đường Sư Vạn Hạnh, Phường 12, Quận 10, Tp Hồ Chí Minh,241.38,5,6,4, Đã có sổ," Nhà ngõ, hẻm", Nhà trống,0,0,0,
14000.0,78,Đường Nguyễn Súy, Phường Tân Quý, Quận Tân Phú, Tp Hồ Chí Minh,179.49,4,5,4, Đã có sổ," Nhà mặt phố, mặt tiền",,4.0998,0,0,
14200.0,88,Ni Sư Huỳnh Liên, Phường 10, Quận Tân Bình, Tp Hồ Chí Minh,161.36,4,5,4, Đã có sổ," Nhà mặt phố, mặt tiền", Nội thất đầy đủ,0,0,0,
14480.0,260,Trần Thị Cờ, Phường Thới An, Quận 12, Tp Hồ Chí Minh,55.69,5,0,0, Đã có sổ," Nhà mặt phố, mặt tiền", Nội thất đầy đủ,0,0,0," Hẻm xe hơi,Nở hậu"
14500.0,65,Trần Hưng Đạo, Phường Nguyễn Cư Trinh, Quận 1, Tp Hồ Chí Minh,223.08,9,0,0,," Nhà ngõ, hẻm",,4,16,0, Hẻm xe hơi
15200.0,63,Phùng Văn Cung, Phường 7, Quận Phú Nhuận, Tp Hồ Chí Minh,241.27,5,Nhiều,4, Đã có sổ," Nhà mặt phố, mặt tiền",,0,0,0,
15500.0,120,Đường Phạm Văn Bạch, Phường 15, Quận Tân Bình, Tp Hồ Chí Minh, Đông Nam,2,2,1, Đã có sổ," Nhà mặt phố, mặt tiền",,0,0,0,
15500.0,152,Lê Lâm, Phường Phú Thạnh, Quận Tân Phú, Tp Hồ Chí Minh, Nam,1,0,0, Đã có sổ," Nhà mặt phố, mặt tiền",,8,19,0,
16000.0,110,Tôn Thất Thuyết, Phường 3, Quận 4, Tp Hồ Chí Minh,145.45,2,2,0, Đã có sổ," Nhà mặt phố, mặt tiền",,4,27,0,
17500.0,70,Đường Số 7 Tân Kiểng , Phường Tân Quy, Quận 7, Tp Hồ Chí Minh, Nam,4,5,4,," Nhà mặt phố, mặt tiền",,4,0,0,
17500.0,80,Đường Lâm Văn Bền, Phường Tân Quy, Quận 7, Tp Hồ Chí Minh,218.75,5,6,5, Đã có sổ," Nhà mặt phố, mặt tiền", Nội thất cao cấp,0,0,0,
17700.0,188,Đường số 36, Phường Bình Trị Đông B, Quận Bình Tân, Tp Hồ Chí Minh, Tây,4,5,3, Đã có sổ," Nhà mặt phố, mặt tiền",,0,0,0,
17999.0,67.5,Đường số 19, Phường Bình Trị Đông B, Quận Bình Tân, Tp Hồ Chí Minh,266.65,4,0,4, Đã có sổ," Nhà mặt phố, mặt tiền",,4.5,15,0,
19000.0,140,Tân Kỳ Tân Quý, Phường Tân Sơn Nhì, Quận Tân Phú, Tp Hồ Chí Minh, Nam,5,5,4, Đã có sổ," Nhà mặt phố, mặt tiền",,0,0,0,
19000.0,308,Liên Khu, Phường Bình Trị Đông, Quận Bình Tân, Tp Hồ Chí Minh, Tây,2,2,1,," Nhà mặt phố, mặt tiền",,8,0,0,
19000.0,93,Bình Phú, Phường 11, Quận 6, Tp Hồ Chí Minh,204.3,4,5,4, Đã có sổ," Nhà mặt phố, mặt tiền", Nội thất đầy đủ,0,0,0,
19900.0,126,Ni Sư Huỳnh Liên, Phường 10, Quận Tân Bình, Tp Hồ Chí Minh, Đông Nam,6,6,5, Đã có sổ," Nhà mặt phố, mặt tiền",,0,0,0,
20000.0,104,Đường Nguyễn Thị Thập, Phường Tân Phong, Quận 7, Tp Hồ Chí Minh,192.31,4,0,0,," Nhà mặt phố, mặt tiền",,0,0,0,
20000.0,200,Đường Đặng Thùy Trâm, Phường 13, Quận Bình Thạnh, Tp Hồ Chí Minh, Tây Bắc,1,1,0, Đã có sổ," Nhà mặt phố, mặt tiền",,10,0,0,
20500.0,74.9,Đường Nguyễn Oanh, Phường 17, Quận Gò Vấp, Tp Hồ Chí Minh,273.7,5,5,0,," Nhà mặt phố, mặt tiền",,6,23,281.5,
20999.9,180,Đường số 21A, Phường Bình Trị Đông B, Quận Bình Tân, Tp Hồ Chí Minh,116.67,6,0,0,," Nhà mặt phố, mặt tiền",,8,22.5,0,
21500.0,144,Hẻm 303 Tân Sơn Nhì, Phường Tân Sơn Nhì, Quận Tân Phú, Tp Hồ Chí Minh,149.31,1,0,0,," Nhà ngõ, hẻm",,8,18,0,
23000.0,83,Bạch Mã, Phường 15, Quận 10, Tp Hồ Chí Minh,277.11,4,3,0,," Nhà mặt phố, mặt tiền",,9.5,11,0,
24000.0,142, nguyễn thái bình, Phường 12, Quận Tân Bình, Tp Hồ Chí Minh,169.01,5,5,4, Đã có sổ," Nhà mặt phố, mặt tiền",,8,0,0,
25500.0,120,Tân Canh, Phường 1, Quận Tân Bình, Tp Hồ Chí Minh,212.5,2,2,2, Đã có sổ," Nhà mặt phố, mặt tiền", Nhà trống,0,0,0,
26000.0,250,Đường số 8, Phường Bình Trị Đông B, Quận Bình Tân, Tp Hồ Chí Minh,104,5,0,0,, Nhà biệt thự,,10,25,0,
27000.0,100, Đường D1, Phường Tân Hưng, Quận 7, Tp Hồ Chí Minh, Đông Nam,8,5,6, Đã có sổ," Nhà mặt phố, mặt tiền",,0,0,0,
33000.0,246,Đường Số 10, Phường Hiệp Bình Chánh (Quận Thủ Đức cũ), Thành phố Thủ Đức, Tp Hồ Chí Minh,134.15,5,5,4, Đã có sổ, Nhà biệt thự,,0,0,0,
39000.0,200,Đường Nguyễn Hữu Thọ, Phường Tân Hưng, Quận 7, Tp Hồ Chí Minh,195,4,0,0, Đã có sổ, Nhà biệt thự,,10,20,0,
52000.0,240,Diệp Minh Châu, Phường Tân Sơn Nhì, Quận Tân Phú, Tp Hồ Chí Minh, Đông Nam,6,6,5, Đã có sổ," Nhà mặt phố, mặt tiền",,0,0,0,
62000.0,620,Trương Công Định, Phường 14, Quận Tân Bình, Tp Hồ Chí Minh, Đông Nam,nhiều,Nhiều,4, Đã có sổ," Nhà ngõ, hẻm",,0,0,0,
65000.0,280,16, Phường Tân Phú, Quận 7, Tp Hồ Chí Minh,232.14,4,0,0, Đã có sổ, Nhà biệt thự,,0,0,304,
70000.0,70,Nguyễn Thái Sơn, Phường 4, Quận Gò Vấp, Tp Hồ Chí Minh,1,3,0,0,," Nhà ngõ, hẻm",,3.5,20,78,
94999.0,256,Đường Cao Thắng, Phường 3, Quận 3, Tp Hồ Chí Minh,371.09,2,2,2, Đã có sổ," Nhà mặt phố, mặt tiền", Nội thất đầy đủ,0,0,0,
